date,tickets,WindSpeed,Precipitation,Snow,Temperature,holidays,weekdays,pickup
2015-01-01,5375.0,7.16,0.0,0.0,33.0,0,1,48715.0
2015-01-02,47233.0,7.16,0.0,0.0,38.5,1,0,33877.0
2015-01-03,23933.0,6.49,0.71,0.0,37.5,0,1,50228.0
2015-01-04,6651.0,6.49,0.3,0.0,48.5,0,0,34961.0
2015-01-05,46178.0,10.51,0.0,0.0,35.0,0,0,36290.0
2015-01-06,36947.0,4.03,0.05,1.0,20.5,0,1,44883.0
2015-01-07,40054.0,12.75,0.0,0.0,16.0,0,1,52869.0
2015-01-08,57250.0,8.72,0.0,0.0,14.5,0,1,60323.0
2015-01-09,47551.0,8.72,0.07,1.5,26.0,0,1,59852.0
2015-01-10,44336.0,8.05,0.0,0.0,19.5,0,1,67108.0
2015-01-11,18699.0,6.04,0.0,0.0,27.5,0,0,49032.0
2015-01-12,55079.0,3.8,0.36,0.0,37.0,0,0,49065.0
2015-01-13,71370.0,8.5,0.0,0.0,26.5,0,1,53912.0
2015-01-14,62801.0,6.26,0.0,0.0,24.0,0,1,53600.0
2015-01-15,73413.0,4.7,0.0,0.0,30.0,0,1,56682.0
2015-01-16,69930.0,9.84,0.0,0.0,31.5,0,1,61690.0
2015-01-17,47366.0,6.04,0.0,0.0,24.5,0,1,62867.0
2015-01-18,10555.0,3.8,2.1,0.0,36.5,0,0,61966.0
2015-01-19,44945.0,7.61,0.0,0.0,39.0,1,0,39561.0
2015-01-20,69738.0,5.82,0.0,0.0,36.0,1,0,46860.0
2015-01-21,61559.0,4.25,0.0,0.0,30.5,0,1,50296.0
2015-01-22,67586.0,5.59,0.0,0.0,35.5,0,1,55586.0
2015-01-23,63419.0,5.59,0.0,0.0,33.5,0,1,61486.0
2015-01-24,27826.0,6.04,0.72,3.6,36.0,0,1,69657.0
2015-01-25,13973.0,6.26,0.0,0.0,36.5,0,0,49861.0
2015-01-26,26639.0,12.75,0.48,5.5,26.5,0,0,36920.0
2015-01-27,1947.0,8.28,0.36,4.3,25.0,0,1,21974.0
2015-01-28,26128.0,7.61,0.0,0.0,25.0,0,1,51538.0
2015-01-29,30118.0,3.8,0.02,0.0,27.5,0,1,58605.0
2015-01-30,29039.0,10.51,0.06,1.0,28.5,0,1,71479.0
2015-01-31,21989.0,12.3,0.0,0.0,19.5,0,1,79315.0
2015-02-01,9204.0,3.8,0.03,0.3,28.0,0,0,66230.0
2015-02-02,6643.0,9.84,1.02,5.0,24.0,0,0,58504.0
2015-02-03,24037.0,7.16,0.0,0.0,19.5,0,1,59663.0
2015-02-04,30557.0,4.25,0.0,0.0,33.5,0,1,56342.0
2015-02-05,30924.0,8.5,0.0,0.0,28.0,0,1,68243.0
2015-02-06,30253.0,7.16,0.0,0.0,19.5,0,1,72825.0
2015-02-07,24445.0,3.8,0.02,0.0,32.5,0,1,69586.0
2015-02-08,9615.0,8.5,0.0,0.0,33.0,0,0,53966.0
2015-02-09,22381.0,10.96,0.09,0.0,27.0,0,0,53116.0
2015-02-10,40961.0,10.51,0.01,0.1,33.0,0,1,55346.0
2015-02-11,34357.0,6.49,0.0,0.0,28.0,0,1,61531.0
2015-02-12,31488.0,7.38,0.0,0.0,28.0,0,1,70571.0
2015-02-13,23862.0,9.17,0.0,0.0,14.5,0,1,83693.0
2015-02-14,16887.0,5.37,0.02,0.9,24.0,0,1,86387.0
2015-02-15,6634.0,14.54,0.0,0.0,14.5,0,0,76798.0
2015-02-16,23506.0,6.93,0.0,0.0,12.0,1,0,62069.0
2015-02-17,20075.0,4.7,0.14,3.3,20.5,1,0,62649.0
2015-02-18,29988.0,4.25,0.0,0.0,26.0,0,1,61828.0
2015-02-19,28731.0,11.41,0.0,0.0,17.5,0,1,75936.0
2015-02-20,24686.0,10.29,0.0,0.0,10.5,0,1,86834.0
2015-02-21,17260.0,4.47,0.61,3.0,22.5,0,1,85123.0
2015-02-22,6774.0,2.91,0.1,1.0,37.5,0,0,57260.0
2015-02-23,28035.0,11.18,0.0,0.0,23.0,0,0,61362.0
2015-02-24,30248.0,5.82,0.0,0.0,14.0,0,1,68312.0
2015-02-25,36015.0,6.49,0.0,0.0,28.5,0,1,64466.0
2015-02-26,30791.0,7.16,0.0,0.0,26.5,0,1,71881.0
2015-02-27,30842.0,6.04,0.0,0.0,24.0,0,1,76922.0
2015-02-28,25128.0,3.58,0.0,0.0,21.0,0,1,76772.0
2015-03-01,7842.0,2.24,0.52,4.8,27.5,0,0,63303.0
2015-03-02,28216.0,8.05,0.0,0.0,33.0,0,0,50648.0
2015-03-03,41872.0,4.92,0.67,1.8,29.5,0,1,66289.0
2015-03-04,30728.0,6.04,0.25,0.0,40.0,0,1,63608.0
2015-03-05,9796.0,5.82,0.76,7.5,29.5,0,1,68070.0
2015-03-06,28025.0,6.26,0.0,0.0,19.5,0,1,73198.0
2015-03-07,22780.0,5.14,0.0,0.0,28.0,0,1,72589.0
2015-03-08,9985.0,5.14,0.0,0.0,43.0,0,0,55080.0
2015-03-09,39424.0,4.7,0.01,0.0,47.0,0,0,47707.0
2015-03-10,38700.0,3.58,0.46,0.0,46.0,0,1,63880.0
2015-03-11,35978.0,6.93,0.01,0.0,51.5,0,1,57698.0
2015-03-12,41767.0,8.28,0.0,0.0,41.5,0,1,65207.0
2015-03-13,37818.0,6.49,0.0,0.0,37.0,0,1,70435.0
2015-03-14,21123.0,5.59,0.81,0.0,45.5,0,1,81239.0
2015-03-15,8533.0,11.41,0.0,0.0,40.0,0,0,56387.0
2015-03-16,35297.0,3.8,0.0,0.0,43.5,0,0,48829.0
2015-03-17,34713.0,9.62,0.02,0.0,45.5,0,1,55866.0
2015-03-18,33547.0,9.62,0.0,0.0,34.0,0,1,62367.0
2015-03-19,37636.0,5.82,0.0,0.0,36.0,0,1,67115.0
2015-03-20,29827.0,7.83,0.4,4.5,33.5,0,1,84785.0
2015-03-21,21769.0,5.37,0.0,0.0,38.0,0,1,72326.0
2015-03-22,9792.0,7.61,0.0,0.0,35.5,0,0,62022.0
2015-03-23,33742.0,6.71,0.0,0.0,30.5,0,0,53889.0
2015-03-24,36326.0,4.03,0.0,0.0,35.5,0,1,57109.0
2015-03-25,31002.0,4.47,0.05,0.0,41.5,0,1,65435.0
2015-03-26,31786.0,2.91,0.32,0.0,52.0,0,1,69328.0
2015-03-27,29656.0,4.25,0.27,0.0,42.5,0,1,75889.0
2015-03-28,22305.0,7.61,0.0,0.0,33.0,0,1,83219.0
2015-03-29,8561.0,6.26,0.0,0.0,35.5,0,0,67861.0
2015-03-30,30065.0,7.83,0.0,0.0,45.0,0,0,56108.0
2015-03-31,30912.0,5.37,0.17,0.0,41.0,0,1,70076.0
2015-04-01,32059.0,5.14,0.0,0.0,41.5,0,1,61281.0
2015-04-02,29654.0,6.26,0.0,0.0,54.0,0,1,65459.0
2015-04-03,25656.0,6.71,0.04,0.0,61.5,0,1,68241.0
2015-04-04,21172.0,10.07,0.01,0.0,51.0,0,1,62229.0
2015-04-05,6485.0,4.92,0.0,0.0,51.5,0,0,52464.0
2015-04-06,32797.0,4.25,0.0,0.0,52.5,0,0,48001.0
2015-04-07,33671.0,6.93,0.15,0.0,52.0,0,1,60935.0
2015-04-08,28606.0,11.41,0.0,0.0,41.0,0,1,63993.0
2015-04-09,28464.0,8.95,0.0,0.0,40.0,0,1,69146.0
2015-04-10,26430.0,4.7,0.17,0.0,47.5,0,1,72828.0
2015-04-11,20876.0,8.72,0.0,0.0,50.5,0,1,74060.0
2015-04-12,9080.0,3.36,0.0,0.0,54.5,0,0,60723.0
2015-04-13,32559.0,4.7,0.0,0.0,59.0,0,0,50676.0
2015-04-14,34704.0,3.8,0.01,0.0,60.0,0,1,56463.0
2015-04-15,30409.0,6.26,0.0,0.0,61.5,0,1,59200.0
2015-04-16,36991.0,6.49,0.0,0.0,58.0,0,1,69804.0
2015-04-17,34822.0,5.14,0.08,0.0,63.0,0,1,74708.0
2015-04-18,23062.0,4.25,0.0,0.0,69.5,0,1,84748.0
2015-04-19,9003.0,8.5,0.0,0.0,56.0,0,0,70058.0
2015-04-20,25080.0,7.38,1.37,0.0,51.5,0,0,69555.0
2015-04-21,36989.0,6.04,0.2,0.0,58.5,0,1,61301.0
2015-04-22,32260.0,6.49,0.05,0.0,58.5,0,1,73213.0
2015-04-23,37757.0,9.17,0.0,0.0,46.5,0,1,81695.0
2015-04-24,35880.0,8.5,0.0,0.0,45.5,0,1,88780.0
2015-04-25,22935.0,5.59,0.0,0.0,50.0,0,1,95451.0
2015-04-26,8844.0,5.14,0.0,0.0,55.0,0,0,79637.0
2015-04-27,33184.0,5.82,0.0,0.0,55.5,0,0,57861.0
2015-04-28,36497.0,7.83,0.0,0.0,60.5,0,1,61786.0
2015-04-29,31891.0,5.59,0.0,0.0,64.0,0,1,67821.0
2015-04-30,37205.0,8.05,0.0,0.0,57.5,0,1,75232.0
2015-05-01,35321.0,5.14,0.0,0.0,56.0,0,1,83399.0
2015-05-02,22222.0,2.91,0.0,0.0,61.0,0,1,95648.0
2015-05-03,8666.0,2.46,0.0,0.0,65.5,0,0,72869.0
2015-05-04,33852.0,5.37,0.0,0.0,71.0,0,0,58837.0
2015-05-05,36846.0,4.03,0.0,0.0,75.5,0,1,68614.0
2015-05-06,33916.0,4.92,0.0,0.0,66.0,0,1,72352.0
2015-05-07,37939.0,2.24,0.0,0.0,68.0,0,1,78625.0
2015-05-08,35396.0,2.91,0.0,0.0,69.0,0,1,81982.0
2015-05-09,23503.0,4.25,0.0,0.0,63.5,0,1,89345.0
2015-05-10,8957.0,3.58,0.0,0.0,72.0,0,0,72642.0
2015-05-11,34259.0,3.8,0.0,0.0,77.0,0,0,63065.0
2015-05-12,36844.0,5.37,0.0,0.0,75.0,0,1,70511.0
2015-05-13,34058.0,7.38,0.0,0.0,61.5,0,1,76362.0
2015-05-14,32342.0,3.8,0.0,0.0,61.5,0,1,83928.0
2015-05-15,36785.0,3.36,0.0,0.0,65.0,0,1,90153.0
2015-05-16,20973.0,2.01,0.3,0.0,66.0,0,1,110432.0
2015-05-17,8923.0,2.01,0.02,0.0,73.5,0,0,85981.0
2015-05-18,34776.0,4.7,0.0,0.0,67.5,0,0,69039.0
2015-05-19,36948.0,2.46,0.0,0.0,69.5,0,1,76998.0
2015-05-20,34022.0,6.93,0.0,0.0,60.5,0,1,82239.0
2015-05-21,39060.0,2.68,0.0,0.0,57.0,0,1,85887.0
2015-05-22,36255.0,6.04,0.0,0.0,64.5,0,1,78306.0
2015-05-23,21598.0,4.47,0.0,0.0,59.5,0,1,71968.0
2015-05-24,7588.0,3.8,0.0,0.0,68.5,0,0,62862.0
2015-05-25,5702.0,4.92,0.0,0.0,74.5,1,0,54972.0
2015-05-26,37073.0,5.14,0.0,0.0,77.5,1,0,66320.0
2015-05-27,32858.0,5.14,0.08,0.0,77.5,0,1,80323.0
2015-05-28,36573.0,4.03,0.0,0.0,77.5,0,1,85915.0
2015-05-29,36440.0,4.03,0.0,0.0,75.0,0,1,89265.0
2015-05-30,23249.0,5.59,0.0,0.0,76.0,0,1,95886.0
2015-05-31,7534.0,5.59,1.46,0.0,72.0,0,0,88982.0
2015-06-01,29309.0,10.29,0.72,0.0,54.5,0,0,84732.0
2015-06-02,33952.0,6.26,0.37,0.0,52.5,0,1,88523.0
2015-06-03,35711.0,4.7,0.0,0.0,61.0,0,1,79159.0
2015-06-04,39898.0,5.14,0.0,0.0,59.5,0,1,86109.0
2015-06-05,36780.0,2.91,0.13,0.0,62.5,0,1,93140.0
2015-06-06,23557.0,4.7,0.19,0.0,68.0,0,1,93452.0
2015-06-07,10189.0,3.8,0.0,0.0,64.5,0,0,81605.0
2015-06-08,35312.0,6.04,0.06,0.0,71.0,0,0,69949.0
2015-06-09,37865.0,4.92,0.01,0.0,75.5,0,1,74947.0
2015-06-10,34965.0,3.13,0.0,0.0,73.5,0,1,79295.0
2015-06-11,38093.0,4.47,0.0,0.0,80.5,0,1,92698.0
2015-06-12,38000.0,4.47,0.0,0.0,80.5,0,1,94188.0
2015-06-13,25145.0,5.37,0.0,0.0,79.0,0,1,92794.0
2015-06-14,11148.0,2.68,0.36,0.0,77.0,0,0,83572.0
2015-06-15,35639.0,4.7,0.57,0.0,73.5,0,0,77964.0
2015-06-16,41094.0,2.24,0.27,0.0,72.0,0,1,81726.0
2015-06-17,38235.0,3.8,0.0,0.0,74.0,0,1,85253.0
2015-06-18,41490.0,3.58,0.0,0.0,67.5,0,1,90719.0
2015-06-19,39582.0,3.8,0.0,0.0,77.5,0,1,93310.0
2015-06-20,24377.0,5.37,0.0,0.0,69.5,0,1,93875.0
2015-06-21,11266.0,4.47,0.64,0.0,79.5,0,0,82044.0
2015-06-22,40246.0,4.92,0.0,0.0,78.5,0,0,68814.0
2015-06-23,41666.0,5.82,0.02,0.0,82.5,0,1,85210.0
2015-06-24,38921.0,4.7,0.0,0.0,76.0,0,1,83524.0
2015-06-25,42479.0,3.13,0.0,0.0,74.0,0,1,91411.0
2015-06-26,69799.0,4.47,0.0,0.0,75.0,0,1,91325.0
2015-06-27,40282.0,7.38,1.12,0.0,64.5,0,1,125492.0
2015-06-28,15681.0,5.37,0.29,0.0,67.5,0,0,85993.0
2015-06-29,64891.0,4.92,0.0,0.0,69.5,0,0,68267.0
2015-06-30,72109.0,4.92,0.04,0.0,75.0,0,1,75932.0
2015-07-01,33316.0,4.25,0.39,0.0,75.5,0,1,85549.0
2015-07-02,35299.0,1.12,0.0,0.0,74.5,0,1,83595.0
2015-07-03,9124.0,2.91,0.0,0.0,74.0,1,1,69355.0
2015-07-04,3952.0,3.36,0.0,0.0,72.0,1,0,64410.0
2015-07-05,7546.0,1.57,0.0,0.0,75.5,0,0,67971.0
2015-07-06,31152.0,2.91,0.0,0.0,77.5,0,0,65272.0
2015-07-07,33343.0,4.92,0.12,0.0,81.5,0,1,77704.0
2015-07-08,29461.0,3.13,0.0,0.0,82.5,0,1,87176.0
2015-07-09,32702.0,4.7,0.3,0.0,73.5,0,1,102162.0
2015-07-10,33050.0,4.7,0.0,0.0,78.0,0,1,96778.0
2015-07-11,21744.0,2.46,0.0,0.0,78.5,0,1,106083.0
2015-07-12,9359.0,2.01,0.0,0.0,80.5,0,0,94195.0
2015-07-13,31916.0,2.68,0.0,0.0,80.5,0,0,75309.0
2015-07-14,32521.0,2.68,0.42,0.0,77.5,0,1,89986.0
2015-07-15,28525.0,4.47,0.12,0.0,76.5,0,1,100642.0
2015-07-16,35042.0,5.59,0.0,0.0,72.0,0,1,101547.0
2015-07-17,24153.0,3.8,0.0,0.0,74.0,0,1,102472.0
2015-07-18,16756.0,4.47,0.32,0.0,78.0,0,1,117983.0
2015-07-19,8455.0,3.13,0.0,0.0,85.5,0,0,105779.0
2015-07-20,29425.0,4.47,0.0,0.0,88.0,0,0,90776.0
2015-07-21,33635.0,2.46,0.0,0.0,81.5,0,1,94350.0
2015-07-22,32054.0,5.82,0.0,0.0,77.0,0,1,98462.0
2015-07-23,35583.0,3.8,0.0,0.0,77.0,0,1,104856.0
2015-07-24,34657.0,2.01,0.0,0.0,78.5,0,1,107677.0
2015-07-25,21613.0,3.13,0.0,0.0,78.5,0,1,110997.0
2015-07-26,8590.0,4.47,0.0,0.0,82.0,0,0,98083.0
2015-07-27,32696.0,2.91,0.36,0.0,78.5,0,0,83152.0
2015-07-28,35272.0,2.68,0.0,0.0,85.0,0,1,95748.0
2015-07-29,29657.0,3.8,0.0,0.0,87.0,0,1,103778.0
2015-07-30,32851.0,4.25,1.95,0.0,81.5,0,1,118636.0
2015-07-31,34138.0,3.36,0.0,0.0,80.5,0,1,113662.0
2015-08-01,21040.0,4.47,0.0,0.0,82.0,0,1,118968.0
2015-08-02,9505.0,2.01,0.0,0.0,80.0,0,0,103002.0
2015-08-03,33694.0,4.92,0.0,0.0,82.5,0,0,86259.0
2015-08-04,35722.0,5.37,0.43,0.0,79.0,0,1,96915.0
2015-08-05,33522.0,2.91,0.0,0.0,79.5,0,1,100410.0
2015-08-06,37430.0,2.46,0.0,0.0,75.0,0,1,106716.0
2015-08-07,35252.0,5.37,0.0,0.0,76.5,0,1,110404.0
2015-08-08,20923.0,3.8,0.0,0.0,75.0,0,1,102809.0
2015-08-09,8686.0,3.8,0.0,0.0,76.5,0,0,94205.0
2015-08-10,31312.0,4.47,0.0,0.0,77.0,0,0,79405.0
2015-08-11,31692.0,4.25,1.17,0.0,76.0,0,1,100577.0
2015-08-12,33031.0,4.7,0.0,0.0,78.0,0,1,95919.0
2015-08-13,36342.0,3.13,0.0,0.0,75.0,0,1,102890.0
2015-08-14,32210.0,2.91,0.0,0.0,77.5,0,1,107151.0
2015-08-15,17845.0,3.36,0.0,0.0,82.5,0,1,113352.0
2015-08-16,8733.0,1.57,0.0,0.0,84.5,0,0,102213.0
2015-08-17,31193.0,3.36,0.0,0.0,86.5,0,0,86633.0
2015-08-18,35766.0,4.03,0.29,0.0,81.5,0,1,94298.0
2015-08-19,32557.0,4.03,0.0,0.0,82.0,0,1,100412.0
2015-08-20,36035.0,5.59,0.01,0.0,81.5,0,1,109712.0
2015-08-21,33987.0,4.25,0.32,0.0,79.0,0,1,111336.0
2015-08-22,20144.0,4.47,0.0,0.0,77.5,0,1,115199.0
2015-08-23,8730.0,4.03,0.0,0.0,77.5,0,0,100648.0
2015-08-24,32501.0,2.46,0.0,0.0,80.0,0,0,84325.0
2015-08-25,35465.0,3.8,0.0,0.0,81.5,0,1,90883.0
2015-08-26,32365.0,3.8,0.0,0.0,76.0,0,1,94734.0
2015-08-27,36928.0,3.13,0.0,0.0,74.5,0,1,101768.0
2015-08-28,35022.0,2.46,0.0,0.0,72.5,0,1,107281.0
2015-08-29,20574.0,2.01,0.0,0.0,77.0,0,1,115870.0
2015-08-30,8438.0,4.03,0.13,0.0,81.0,0,0,106992.0
2015-08-31,31661.0,4.47,0.0,0.0,83.5,0,0,88985.0
2015-09-01,36668.0,2.24,0.0,0.0,83.0,0,1,93927.0
2015-09-02,33635.0,1.79,0.0,0.0,82.5,0,1,100137.0
2015-09-03,37634.0,2.01,0.0,0.0,83.5,0,1,108439.0
2015-09-04,35398.0,6.93,0.0,0.0,78.5,0,1,111431.0
2015-09-05,21668.0,4.03,0.0,0.0,75.0,0,1,108418.0
2015-09-06,8914.0,1.34,0.0,0.0,76.0,0,0,101574.0
2015-09-07,5618.0,4.25,0.0,0.0,81.0,1,0,91693.0
2015-09-08,36446.0,4.92,0.0,0.0,86.5,1,0,106365.0
2015-09-09,32363.0,3.8,0.0,0.0,83.0,0,1,123545.0
2015-09-10,31432.0,6.26,1.58,0.0,74.5,0,1,158591.0
2015-09-11,33878.0,5.14,0.0,0.0,73.5,0,1,136785.0
2015-09-12,22529.0,4.25,0.29,0.0,74.0,0,1,156618.0
2015-09-13,9006.0,6.26,0.04,0.0,71.0,0,0,127284.0
2015-09-14,29211.0,6.49,0.0,0.0,68.0,0,0,95754.0
2015-09-15,30721.0,2.24,0.0,0.0,73.0,0,1,105273.0
2015-09-16,31390.0,1.34,0.0,0.0,77.0,0,1,121743.0
2015-09-17,36443.0,2.24,0.0,0.0,78.5,0,1,130854.0
2015-09-18,35489.0,2.01,0.0,0.0,77.5,0,1,137755.0
2015-09-19,23888.0,2.68,0.0,0.0,75.5,0,1,151313.0
2015-09-20,9011.0,7.83,0.0,0.0,71.5,0,0,126278.0
2015-09-21,33584.0,7.61,0.0,0.0,66.0,0,0,98087.0
2015-09-22,38641.0,6.93,0.0,0.0,66.5,0,1,96618.0
2015-09-23,29437.0,2.91,0.0,0.0,69.5,0,1,94159.0
2015-09-24,21108.0,4.25,0.0,0.0,71.0,0,1,101813.0
2015-09-25,21016.0,6.26,0.0,0.0,69.5,0,1,115779.0
2015-09-26,20225.0,6.04,0.0,0.0,66.5,0,1,147991.0
2015-09-27,7915.0,4.92,0.0,0.0,63.5,0,0,123198.0
2015-09-28,26529.0,3.36,0.0,0.0,71.5,0,0,96280.0
2015-09-29,28212.0,2.68,0.11,0.0,77.5,0,1,110040.0
2015-09-30,30594.0,8.28,1.26,0.0,69.0,0,1,125901.0
2015-10-01,37759.0,8.72,0.09,0.0,60.0,0,1,138828.0
2015-10-02,27743.0,12.53,1.08,0.0,52.5,0,1,175806.0
2015-10-03,22586.0,11.41,0.35,0.0,52.0,0,1,150977.0
2015-10-04,9498.0,10.74,0.0,0.0,58.0,0,0,117562.0
2015-10-05,29762.0,6.26,0.0,0.0,59.5,0,0,92258.0
2015-10-06,31855.0,1.57,0.0,0.0,62.5,0,1,101132.0
2015-10-07,34193.0,2.91,0.0,0.0,65.5,0,1,115152.0
2015-10-08,36979.0,3.36,0.0,0.0,65.5,0,1,128800.0
2015-10-09,34439.0,4.03,0.89,0.0,69.5,0,1,143933.0
2015-10-10,21250.0,2.46,0.0,0.0,57.5,0,1,149789.0
2015-10-11,9129.0,3.8,0.0,0.0,61.0,0,0,129040.0
2015-10-12,22910.0,3.8,0.0,0.0,66.5,1,0,96324.0
2015-10-13,37464.0,3.58,0.01,0.0,66.5,1,0,107158.0
2015-10-14,34365.0,3.8,0.0,0.0,63.0,0,1,114191.0
2015-10-15,36865.0,4.03,0.0,0.0,57.5,0,1,132085.0
2015-10-16,38066.0,5.37,0.0,0.0,58.5,0,1,144830.0
2015-10-17,24646.0,5.82,0.0,0.0,49.0,0,1,165976.0
2015-10-18,9797.0,4.92,0.0,0.0,44.0,0,0,141882.0
2015-10-19,35286.0,3.8,0.0,0.0,44.0,0,0,108122.0
2015-10-20,37509.0,6.04,0.0,0.0,59.0,0,1,110617.0
2015-10-21,29285.0,2.24,0.0,0.0,66.5,0,1,116954.0
2015-10-22,36382.0,4.7,0.0,0.0,66.5,0,1,133105.0
2015-10-23,35240.0,6.71,0.0,0.0,55.0,0,1,147921.0
2015-10-24,21794.0,4.03,0.0,0.0,48.5,0,1,165649.0
2015-10-25,6735.0,4.92,0.05,0.0,58.0,0,0,136822.0
2015-10-26,34151.0,3.8,0.0,0.0,52.0,0,0,104716.0
2015-10-27,36543.0,4.47,0.0,0.0,52.0,0,1,115089.0
2015-10-28,21192.0,6.71,1.4,0.0,61.0,0,1,158761.0
2015-10-29,36019.0,6.49,0.04,0.0,65.0,0,1,140951.0
2015-10-30,34935.0,5.82,0.0,0.0,54.5,0,1,158501.0
2015-10-31,20424.0,2.91,0.0,0.0,49.0,0,1,185709.0
2015-11-01,7506.0,4.92,0.0,0.0,59.5,0,0,166718.0
2015-11-02,34966.0,2.01,0.0,0.0,58.5,0,0,105952.0
2015-11-03,25799.0,2.46,0.0,0.0,60.0,0,1,107787.0
2015-11-04,34081.0,2.46,0.0,0.0,63.0,0,1,116858.0
2015-11-05,35038.0,2.01,0.01,0.0,63.5,0,1,136607.0
2015-11-06,35562.0,4.7,0.0,0.0,70.0,0,1,142913.0
2015-11-07,23576.0,4.47,0.0,0.0,62.5,0,1,165389.0
2015-11-08,10042.0,3.58,0.0,0.0,51.0,0,0,141373.0
2015-11-09,33715.0,2.01,0.0,0.0,51.0,0,0,106955.0
2015-11-10,29998.0,9.84,0.26,0.0,54.0,0,1,140872.0
2015-11-11,25350.0,4.92,0.43,0.0,53.5,1,1,115967.0
2015-11-12,35686.0,5.59,0.01,0.0,56.0,1,0,137722.0
2015-11-13,33905.0,10.74,0.0,0.0,52.0,0,1,155620.0
2015-11-14,22831.0,7.83,0.0,0.0,45.5,0,1,180591.0
2015-11-15,9596.0,4.7,0.0,0.0,48.5,0,0,144309.0
2015-11-16,32887.0,4.03,0.0,0.0,59.0,0,0,105068.0
2015-11-17,35861.0,6.26,0.0,0.0,46.0,0,1,120905.0
2015-11-18,32037.0,5.14,0.0,0.0,52.0,0,1,128287.0
2015-11-19,30857.0,5.59,1.25,0.0,60.5,0,1,180634.0
2015-11-20,33736.0,5.82,0.0,0.0,55.0,0,1,154165.0
2015-11-21,21687.0,6.49,0.0,0.0,47.5,0,1,173360.0
2015-11-22,8405.0,6.26,0.03,0.0,48.5,0,0,142346.0
2015-11-23,31543.0,5.82,0.0,0.0,38.5,0,0,118987.0
2015-11-24,34263.0,3.8,0.0,0.0,39.0,0,1,126666.0
2015-11-25,30273.0,2.68,0.0,0.0,43.0,0,1,124507.0
2015-11-26,4910.0,2.91,0.0,0.0,50.5,1,1,102605.0
2015-11-27,38785.0,3.8,0.0,0.0,57.5,1,0,89801.0
2015-11-28,17672.0,0.0,0.02,0.0,54.5,0,1,121481.0
2015-11-29,7646.0,0.0,0.0,0.0,43.5,0,0,117919.0
2015-11-30,25217.0,5.59,0.0,0.0,40.0,0,0,109822.0
2015-12-01,25354.0,6.71,0.33,0.0,47.5,0,1,142819.0
2015-12-02,22400.0,2.91,0.14,0.0,51.5,0,1,140014.0
2015-12-03,28812.0,8.5,0.0,0.0,49.5,0,1,146922.0
2015-12-04,26016.0,4.25,0.0,0.0,46.5,0,1,163836.0
2015-12-05,19948.0,2.24,0.0,0.0,45.5,0,1,186299.0
2015-12-06,9151.0,3.36,0.0,0.0,46.0,0,0,155723.0
2015-12-07,25325.0,3.8,0.0,0.0,48.0,0,0,121898.0
2015-12-08,22982.0,4.47,0.0,0.0,45.0,0,1,136810.0
2015-12-09,24593.0,4.25,0.0,0.0,47.5,0,1,140861.0
2015-12-10,27496.0,4.25,0.0,0.0,55.5,0,1,155101.0
2015-12-11,24264.0,4.7,0.0,0.0,55.5,0,1,173277.0
2015-12-12,17748.0,2.01,0.0,0.0,60.5,0,1,198752.0
2015-12-13,8592.0,3.36,0.0,0.0,61.0,0,0,157253.0
2015-12-14,23411.0,4.7,0.33,0.0,60.0,0,0,131059.0
2015-12-15,26932.0,10.51,0.09,0.0,60.5,0,1,134111.0
2015-12-16,22904.0,5.37,0.04,0.0,49.5,0,1,152552.0
2015-12-17,21309.0,4.92,1.21,0.0,54.5,0,1,190213.0
2015-12-18,25014.0,6.71,0.0,0.0,47.5,0,1,187369.0
2015-12-19,17520.0,9.4,0.0,0.0,37.5,0,1,198601.0
2015-12-20,8798.0,6.04,0.0,0.0,38.5,0,0,155162.0
2015-12-21,24512.0,7.16,0.0,0.0,47.5,0,0,115094.0
2015-12-22,24661.0,4.92,0.19,0.0,57.5,0,1,124198.0
2015-12-23,19883.0,3.58,1.55,0.0,58.0,0,1,135585.0
2015-12-24,25193.0,4.47,0.01,0.0,67.5,0,1,103268.0
2015-12-25,3038.0,0.89,0.01,0.0,61.5,1,1,78471.0
2015-12-26,13380.0,8.05,0.0,0.0,53.0,1,0,79503.0
2015-12-27,6894.0,5.82,0.12,0.0,53.5,0,0,95505.0
2015-12-28,23412.0,8.28,0.03,0.0,40.0,0,0,93673.0
2015-12-29,21579.0,6.93,0.45,0.0,40.0,0,1,98031.0
2015-12-30,21687.0,4.03,0.19,0.0,43.0,0,1,107038.0
2015-12-31,23913.0,5.37,0.03,0.0,45.0,0,1,144819.0
2016-01-01,5170.0,7.61,0.0,0.0,38.0,1,1,157223.0
2016-01-02,16604.0,6.71,0.0,0.0,36.0,1,0,115775.0
2016-01-03,7739.0,7.83,0.0,0.0,40.0,0,0,109288.0
2016-01-04,28808.0,8.5,0.0,0.0,25.0,0,0,109814.0
2016-01-05,29549.0,5.14,0.0,0.0,20.0,0,1,120474.0
2016-01-06,29651.0,3.58,0.0,0.0,33.0,0,1,114986.0
2016-01-07,33719.0,2.46,0.0,0.0,38.5,0,1,120736.0
2016-01-08,32426.0,4.25,0.0,0.0,38.5,0,1,136940.0
2016-01-09,22408.0,8.05,0.0,0.0,43.5,0,1,152489.0
2016-01-10,8064.0,9.84,1.8,0.0,49.5,0,0,144825.0
2016-01-11,31763.0,10.51,0.0,0.0,33.0,0,0,116412.0
2016-01-12,33477.0,6.04,0.0,0.0,34.5,0,1,122337.0
2016-01-13,28949.0,9.84,0.0,0.0,26.0,0,1,141505.0
2016-01-14,33696.0,4.92,0.0,0.0,30.0,0,1,144410.0
2016-01-15,33137.0,5.14,0.0,0.0,42.5,0,1,148970.0
2016-01-16,20988.0,6.71,0.24,0.0,47.0,0,1,163417.0
2016-01-17,8199.0,5.59,0.05,0.4,36.0,0,0,160090.0
2016-01-18,22000.0,11.86,0.0,0.0,24.5,1,0,134144.0
2016-01-19,31975.0,10.96,0.0,0.0,22.0,1,0,150510.0
2016-01-20,29786.0,5.59,0.0,0.0,32.0,0,1,140895.0
2016-01-21,34894.0,6.04,0.0,0.0,31.0,0,1,153327.0
2016-01-22,31676.0,6.49,0.01,0.2,25.5,0,1,171308.0
2016-01-23,320.0,15.66,2.31,27.3,25.5,0,1,52749.0
2016-01-24,941.0,5.82,0.0,0.0,27.5,0,0,98057.0
2016-01-25,3003.0,3.36,0.0,0.0,33.5,0,0,135191.0
2016-01-26,13315.0,6.49,0.0,0.0,43.0,0,1,139738.0
2016-01-27,21939.0,6.71,0.0,0.0,40.5,0,1,141384.0
2016-01-28,26752.0,4.47,0.0,0.0,37.0,0,1,152003.0
2016-01-29,27156.0,7.83,0.0,0.0,35.5,0,1,180785.0
2016-01-30,20602.0,6.93,0.0,0.0,33.5,0,1,205004.0
2016-01-31,8863.0,5.14,0.0,0.0,46.0,0,0,166470.0
2016-02-01,34346.0,5.82,0.01,0.0,51.5,0,0,121942.0
2016-02-02,36389.0,3.58,0.0,0.0,44.0,0,1,128675.0
2016-02-03,26233.0,6.49,0.73,0.0,50.5,0,1,159441.0
2016-02-04,36151.0,5.82,0.0,0.0,51.5,0,1,153547.0
2016-02-05,17084.0,8.28,0.53,2.5,37.5,0,1,181014.0
2016-02-06,19083.0,5.59,0.0,0.0,35.0,0,1,193813.0
2016-02-07,7774.0,5.37,0.0,0.0,40.0,0,0,169000.0
2016-02-08,23176.0,10.51,0.05,0.1,33.5,0,0,131115.0
2016-02-09,34201.0,4.03,0.0,0.0,31.5,0,1,137600.0
2016-02-10,29035.0,5.82,0.01,0.0,35.0,0,1,150399.0
2016-02-11,33158.0,10.07,0.0,0.0,24.5,0,1,182679.0
2016-02-12,19548.0,6.71,0.0,0.0,21.0,0,1,198902.0
2016-02-13,18321.0,12.3,0.0,0.0,14.0,0,1,238826.0
2016-02-14,6654.0,6.26,0.0,0.0,7.0,0,0,221110.0
2016-02-15,21464.0,5.37,0.44,1.4,24.0,1,0,153373.0
2016-02-16,29508.0,7.83,1.01,0.0,44.5,1,0,150059.0
2016-02-17,31176.0,7.38,0.0,0.0,37.0,0,1,145591.0
2016-02-18,34865.0,7.16,0.0,0.0,31.5,0,1,163844.0
2016-02-19,33153.0,5.37,0.0,0.0,31.5,0,1,179820.0
2016-02-20,20923.0,7.38,0.0,0.0,50.0,0,1,190703.0
2016-02-21,8373.0,4.92,0.03,0.0,49.5,0,0,164014.0
2016-02-22,32262.0,5.14,0.0,0.0,45.0,0,0,124791.0
2016-02-23,31346.0,14.54,0.3,0.0,37.5,0,1,166118.0
2016-02-24,23835.0,10.51,1.22,0.0,48.0,0,1,179204.0
2016-02-25,35631.0,8.95,0.02,0.0,49.0,0,1,165416.0
2016-02-26,32494.0,8.72,0.0,0.0,33.0,0,1,184361.0
2016-02-27,21800.0,6.04,0.0,0.0,33.5,0,1,199406.0
2016-02-28,9244.0,7.38,0.0,0.0,49.0,0,0,163070.0
2016-02-29,32341.0,8.5,0.05,0.0,54.0,0,0,129507.0
2016-03-01,37443.0,7.61,0.0,0.0,45.5,0,1,135403.0
2016-03-02,32780.0,10.51,0.14,0.0,42.0,0,1,153784.0
2016-03-03,34360.0,5.82,0.0,0.0,31.0,0,1,163446.0
2016-03-04,25785.0,8.72,0.11,0.4,34.5,0,1,188670.0
2016-03-05,22716.0,4.25,0.0,0.0,34.5,0,1,204005.0
2016-03-06,9802.0,3.36,0.0,0.0,38.0,0,0,170123.0
2016-03-07,32045.0,7.83,0.0,0.0,48.0,0,0,126613.0
2016-03-08,35934.0,3.36,0.0,0.0,57.0,0,1,135586.0
2016-03-09,32250.0,2.24,0.0,0.0,60.5,0,1,138560.0
2016-03-10,35151.0,4.92,0.0,0.0,71.0,0,1,155697.0
2016-03-11,32418.0,6.04,0.06,0.0,58.0,0,1,173483.0
2016-03-12,22805.0,5.14,0.0,0.0,49.5,0,1,197265.0
2016-03-13,8637.0,3.58,0.0,0.0,56.0,0,0,159190.0
2016-03-14,26613.0,14.09,0.29,0.0,45.5,0,0,155829.0
2016-03-15,34782.0,5.37,0.0,0.0,50.5,0,1,139754.0
2016-03-16,31660.0,3.58,0.02,0.0,56.5,0,1,149650.0
2016-03-17,32384.0,4.92,0.0,0.0,54.0,0,1,163190.0
2016-03-18,32830.0,8.72,0.0,0.0,49.5,0,1,176618.0
2016-03-19,21013.0,5.14,0.0,0.0,41.0,0,1,199054.0
2016-03-20,8016.0,9.62,0.07,0.0,37.5,0,0,172552.0
2016-03-21,26371.0,8.05,0.06,0.5,41.0,0,0,131082.0
2016-03-22,34177.0,6.93,0.0,0.0,45.5,0,1,138194.0
2016-03-23,31544.0,6.04,0.0,0.0,59.5,0,1,148069.0
2016-03-24,29851.0,9.17,0.0,0.0,49.5,0,1,166818.0
2016-03-25,26950.0,3.8,0.04,0.0,58.0,0,1,172930.0
2016-03-26,20429.0,6.49,0.0,0.0,46.5,0,1,190547.0
2016-03-27,6988.0,5.59,0.0,0.0,49.0,0,0,162592.0
2016-03-28,27575.0,10.07,0.38,0.0,52.0,0,0,137608.0
2016-03-29,32229.0,11.63,0.0,0.0,46.5,0,1,139036.0
2016-03-30,30523.0,5.37,0.0,0.0,46.5,0,1,147140.0
2016-03-31,34142.0,6.71,0.0,0.0,61.0,0,1,157256.0
2016-04-01,31923.0,6.71,0.02,0.0,70.0,0,1,178004.0
2016-04-02,21287.0,4.92,0.16,0.0,55.0,0,1,206965.0
2016-04-03,8450.0,12.75,0.09,0.0,42.0,0,0,180622.0
2016-04-04,25825.0,7.16,0.47,0.0,37.0,0,0,163423.0
2016-04-05,33949.0,8.28,0.0,0.0,34.5,0,1,161810.0
2016-04-06,30253.0,6.04,0.0,0.0,39.0,0,1,161727.0
2016-04-07,32556.0,6.93,0.09,0.0,53.0,0,1,175465.0
2016-04-08,33292.0,7.16,0.01,0.0,45.0,0,1,192141.0
2016-04-09,20410.0,6.49,0.11,0.0,39.5,0,1,229860.0
2016-04-10,8819.0,4.92,0.0,0.0,40.5,0,0,179170.0
2016-04-11,30072.0,6.93,0.01,0.0,54.0,0,0,137762.0
2016-04-12,30576.0,5.82,0.2,0.0,52.0,0,1,154089.0
2016-04-13,30111.0,4.47,0.0,0.0,49.0,0,1,153597.0
2016-04-14,32664.0,6.49,0.0,0.0,52.5,0,1,171785.0
2016-04-15,32303.0,3.8,0.0,0.0,53.5,0,1,189988.0
2016-04-16,20877.0,4.92,0.0,0.0,55.5,0,1,214208.0
2016-04-17,8681.0,2.91,0.0,0.0,59.5,0,0,176096.0
2016-04-18,29672.0,3.8,0.0,0.0,66.5,0,0,133692.0
2016-04-19,32147.0,7.61,0.0,0.0,64.0,0,1,141540.0
2016-04-20,30787.0,6.04,0.0,0.0,59.0,0,1,153015.0
2016-04-21,31556.0,5.59,0.0,0.0,61.0,0,1,162297.0
2016-04-22,28797.0,4.25,0.0,0.0,70.5,0,1,170188.0
2016-04-23,17330.0,7.16,0.16,0.0,62.5,0,1,190180.0
2016-04-24,7638.0,5.82,0.0,0.0,57.5,0,0,165618.0
2016-04-25,30025.0,4.03,0.0,0.0,59.5,0,0,125383.0
2016-04-26,31654.0,7.16,0.24,0.0,53.5,0,1,143310.0
2016-04-27,30121.0,4.25,0.0,0.0,54.0,0,1,143991.0
2016-04-28,27772.0,4.7,0.0,0.0,53.5,0,1,163694.0
2016-04-29,26549.0,5.82,0.05,0.0,51.5,0,1,185909.0
2016-04-30,19672.0,5.82,0.0,0.0,55.5,0,1,198225.0
2016-05-01,6955.0,4.92,0.16,0.0,48.0,0,0,178913.0
2016-05-02,30125.0,2.24,0.04,0.0,52.5,0,0,140803.0
2016-05-03,32642.0,6.04,0.61,0.0,53.5,0,1,172531.0
2016-05-04,30685.0,8.72,0.01,0.0,50.0,0,1,176893.0
2016-05-05,30717.0,8.28,0.0,0.0,51.5,0,1,196536.0
2016-05-06,29386.0,7.83,0.54,0.0,51.0,0,1,237386.0
2016-05-07,21512.0,4.47,0.0,0.0,54.0,0,1,219078.0
2016-05-08,7567.0,4.7,0.16,0.0,57.5,0,0,185052.0
2016-05-09,31369.0,5.14,0.0,0.0,62.0,0,0,134171.0
2016-05-10,35224.0,4.92,0.0,0.0,56.5,0,1,149105.0
2016-05-11,30631.0,2.46,0.0,0.0,63.0,0,1,155720.0
2016-05-12,33328.0,3.36,0.0,0.0,68.0,0,1,174428.0
2016-05-13,28572.0,0.0,0.25,0.0,61.0,0,1,203395.0
2016-05-14,19961.0,0.0,0.0,0.0,64.5,0,1,216807.0
2016-05-15,7074.0,0.0,0.0,0.0,52.5,0,0,197738.0
2016-05-16,30591.0,0.0,0.0,0.0,54.5,0,0,148508.0
2016-05-17,33197.0,3.8,0.0,0.0,58.0,0,1,164731.0
2016-05-18,27813.0,0.0,0.0,0.0,60.0,0,1,171103.0
2016-05-19,32275.0,1.34,0.0,0.0,63.5,0,1,179197.0
2016-05-20,30436.0,4.47,0.0,0.0,64.5,0,1,188049.0
2016-05-21,18625.0,3.8,0.04,0.0,60.0,0,1,215449.0
2016-05-22,6614.0,3.58,0.09,0.0,61.0,0,0,175618.0
2016-05-23,28380.0,2.46,0.02,0.0,67.0,0,0,134240.0
2016-05-24,30203.0,2.01,0.18,0.0,65.5,0,1,151598.0
2016-05-25,27283.0,4.25,0.0,0.0,74.5,0,1,156369.0
2016-05-26,30836.0,3.58,0.0,0.0,79.5,0,1,164558.0
2016-05-27,19541.0,3.8,0.0,0.0,80.0,0,1,175117.0
2016-05-28,11083.0,4.47,0.0,0.0,81.5,0,1,186150.0
2016-05-29,4010.0,4.92,0.0,0.0,78.5,0,0,165498.0
2016-05-30,3502.0,3.13,1.65,0.0,75.0,1,0,137954.0
2016-05-31,20989.0,3.13,0.0,0.0,78.0,1,0,139187.0
2016-06-01,20514.0,6.04,0.0,0.0,74.5,0,1,150797.0
2016-06-02,22616.0,4.7,0.0,0.0,70.0,0,1,166895.0
2016-06-03,21363.0,1.34,0.04,0.0,66.5,0,1,185371.0
2016-06-04,13381.0,2.46,0.4,0.0,74.5,0,1,208998.0
2016-06-05,4801.0,3.36,0.91,0.0,68.0,0,0,185487.0
2016-06-06,20188.0,5.59,0.0,0.0,74.0,0,0,149360.0
2016-06-07,22000.0,5.14,0.0,0.0,74.5,0,1,166731.0
2016-06-08,17171.0,7.61,0.45,0.0,59.5,0,1,191517.0
2016-06-09,24294.0,8.95,0.0,0.0,62.5,0,1,181962.0
2016-06-10,22071.0,5.37,0.0,0.0,67.0,0,1,190106.0
2016-06-11,12555.0,3.36,0.0,0.0,73.5,0,1,215809.0
2016-06-12,5088.0,8.05,0.0,0.0,72.5,0,0,187025.0
2016-06-13,17570.0,7.38,0.0,0.0,65.5,0,0,143676.0
2016-06-14,21932.0,4.25,0.0,0.0,68.5,0,1,159971.0
2016-06-15,20175.0,2.46,0.0,0.0,73.5,0,1,173911.0
2016-06-16,21064.0,1.79,0.22,0.0,69.5,0,1,190019.0
2016-06-17,20585.0,4.7,0.0,0.0,70.5,0,1,190302.0
2016-06-18,12315.0,2.68,0.0,0.0,74.0,0,1,203587.0
2016-06-19,5761.0,2.91,0.0,0.0,77.0,0,0,174956.0
2016-06-20,19766.0,3.13,0.0,0.0,74.0,0,0,143434.0
2016-06-21,22076.0,4.92,0.0,0.0,79.5,0,1,159961.0
2016-06-22,20836.0,4.03,0.0,0.0,77.0,0,1,171850.0
2016-06-23,22042.0,2.01,0.0,0.0,76.0,0,1,185866.0
2016-06-24,21720.0,6.26,0.0,0.0,75.5,0,1,197855.0
2016-06-25,13073.0,3.58,0.0,0.0,75.0,0,1,223604.0
2016-06-26,5511.0,2.46,0.0,0.0,77.0,0,0,192488.0
2016-06-27,19551.0,4.92,0.45,0.0,75.0,0,0,162851.0
2016-06-28,31664.0,3.58,0.12,0.0,72.0,0,1,168293.0
2016-06-29,30273.0,2.24,0.01,0.0,75.0,0,1,170090.0
2016-06-30,33003.0,2.91,0.0,0.0,76.0,0,1,165373.0
2016-07-01,30718.0,3.36,0.83,0.0,72.5,0,1,188305.0
2016-07-02,18787.0,5.37,0.0,0.0,69.5,0,1,170031.0
2016-07-03,7035.0,3.13,0.0,0.0,71.0,0,0,160218.0
2016-07-04,4974.0,3.13,0.49,0.0,75.0,1,0,139144.0
2016-07-05,23229.0,2.91,0.66,0.0,77.5,1,0,142684.0
2016-07-06,23087.0,2.46,0.0,0.0,83.0,0,1,152075.0
2016-07-07,25566.0,2.01,0.04,0.0,83.0,0,1,175450.0
2016-07-08,23587.0,5.37,0.08,0.0,76.5,0,1,193388.0
2016-07-09,15167.0,4.03,0.53,0.0,68.5,0,1,211023.0
2016-07-10,6504.0,4.25,0.0,0.0,73.0,0,0,183095.0
2016-07-11,23720.0,3.36,0.0,0.0,73.0,0,0,150417.0
2016-07-12,25990.0,4.25,0.0,0.0,75.0,0,1,164765.0
2016-07-13,24070.0,4.7,0.0,0.0,78.0,0,1,192248.0
2016-07-14,26789.0,2.91,0.62,0.0,80.5,0,1,202296.0
2016-07-15,25291.0,4.47,0.0,0.0,83.5,0,1,213843.0
2016-07-16,15064.0,4.25,0.0,0.0,82.5,0,1,230359.0
2016-07-17,6806.0,2.68,0.0,0.0,82.0,0,0,201050.0
2016-07-18,23028.0,5.82,0.35,0.0,82.5,0,0,170849.0
2016-07-19,28674.0,4.92,0.0,0.0,78.0,0,1,171402.0
2016-07-20,26292.0,3.13,0.0,0.0,76.5,0,1,183226.0
2016-07-21,27433.0,5.14,0.0,0.0,80.5,0,1,198216.0
2016-07-22,26758.0,6.49,0.0,0.0,84.0,0,1,225185.0
2016-07-23,16870.0,4.92,0.0,0.0,88.0,0,1,239201.0
2016-07-24,7518.0,4.03,0.0,0.0,84.5,0,0,205244.0
2016-07-25,21462.0,3.36,1.0,0.0,83.0,0,0,186098.0
2016-07-26,27405.0,4.25,0.0,0.0,80.5,0,1,179186.0
2016-07-27,24222.0,2.01,0.0,0.0,82.5,0,1,187464.0
2016-07-28,28210.0,3.13,0.0,0.0,85.0,0,1,201713.0
2016-07-29,25231.0,4.25,1.09,0.0,77.0,0,1,226095.0
2016-07-30,15646.0,3.58,0.25,0.0,78.5,0,1,247983.0
2016-07-31,6569.0,4.25,1.08,0.0,74.5,0,0,206795.0
2016-08-01,25161.0,4.92,0.0,0.0,74.5,0,0,162422.0
2016-08-02,28792.0,6.93,0.0,0.0,73.5,0,1,169200.0
2016-08-03,27188.0,2.91,0.0,0.0,73.0,0,1,176653.0
2016-08-04,30532.0,2.01,0.0,0.0,74.0,0,1,188351.0
2016-08-05,27573.0,3.8,0.0,0.0,76.0,0,1,204606.0
2016-08-06,13547.0,5.14,0.05,0.0,79.5,0,1,221405.0
2016-08-07,7980.0,4.03,0.0,0.0,78.0,0,0,194421.0
2016-08-08,25601.0,1.34,0.0,0.0,78.5,0,0,155109.0
2016-08-09,29201.0,2.68,0.0,0.0,79.0,0,1,167083.0
2016-08-10,25481.0,4.03,0.09,0.0,80.5,0,1,186596.0
2016-08-11,27591.0,4.47,0.15,0.0,82.5,0,1,208435.0
2016-08-12,26451.0,5.14,0.32,0.0,83.0,0,1,224811.0
2016-08-13,14175.0,4.03,0.0,0.0,88.5,0,1,234735.0
2016-08-14,7045.0,3.8,0.06,0.0,86.0,0,0,203044.0
2016-08-15,21098.0,2.91,0.0,0.0,84.5,0,0,164319.0
2016-08-16,29037.0,4.03,0.11,0.0,82.5,0,1,181849.0
2016-08-17,26981.0,5.37,0.01,0.0,81.0,0,1,185912.0
2016-08-18,29051.0,1.57,0.03,0.0,78.5,0,1,193732.0
2016-08-19,26562.0,2.24,0.01,0.0,81.0,0,1,206646.0
2016-08-20,15575.0,4.7,0.82,0.0,76.5,0,1,216605.0
2016-08-21,6765.0,4.25,0.31,0.0,79.5,0,0,201546.0
2016-08-22,25483.0,5.82,0.0,0.0,72.0,0,0,154593.0
2016-08-23,28893.0,1.79,0.0,0.0,71.5,0,1,162283.0
2016-08-24,25825.0,0.0,0.0,0.0,78.0,0,1,174946.0
2016-08-25,34938.0,0.0,0.01,0.0,77.5,0,1,189061.0
2016-08-26,33005.0,0.0,0.0,0.0,82.5,0,1,206481.0
2016-08-27,20120.0,2.68,0.0,0.0,81.0,0,1,233622.0
2016-08-28,8341.0,2.46,0.0,0.0,80.5,0,0,211647.0
2016-08-29,30618.0,5.37,0.0,0.0,82.5,0,0,163946.0
2016-08-30,34152.0,3.13,0.0,0.0,77.5,0,1,164094.0
2016-08-31,30476.0,3.36,0.0,0.0,81.5,0,1,185499.0
2016-09-01,33787.0,1.79,0.5,0.0,74.0,0,1,204901.0
2016-09-02,34447.0,6.04,0.0,0.0,73.5,0,1,206950.0
2016-09-03,21107.0,6.71,0.0,0.0,70.5,0,1,226665.0
2016-09-04,7706.0,6.71,0.0,0.0,72.5,0,0,218518.0
2016-09-05,5280.0,7.61,0.0,0.0,74.5,1,0,188596.0
2016-09-06,37130.0,9.62,0.0,0.0,75.5,1,0,179882.0
2016-09-07,32923.0,6.49,0.0,0.0,78.0,0,1,192858.0
2016-09-08,33580.0,2.68,0.0,0.0,80.0,0,1,217244.0
2016-09-09,31486.0,3.8,0.22,0.0,83.0,0,1,249420.0
2016-09-10,21762.0,4.03,0.0,0.0,82.0,0,1,290917.0
2016-09-11,8421.0,5.82,0.0,0.0,75.0,0,0,238817.0
2016-09-12,23174.0,4.25,0.0,0.0,70.0,0,0,174900.0
2016-09-13,28379.0,4.03,0.0,0.0,73.5,0,1,183385.0
2016-09-14,28445.0,4.92,0.56,0.0,79.0,0,1,203027.0
2016-09-15,36960.0,4.92,0.0,0.0,67.5,0,1,215049.0
2016-09-16,35201.0,2.68,0.0,0.0,67.0,0,1,245179.0
2016-09-17,22832.0,3.36,0.0,0.0,68.0,0,1,278033.0
2016-09-18,8501.0,3.58,0.0,0.0,76.0,0,0,241154.0
2016-09-19,23462.0,2.46,0.68,0.0,72.5,0,0,173612.0
2016-09-20,32402.0,2.24,0.0,0.0,75.0,0,1,178330.0
2016-09-21,28822.0,3.8,0.0,0.0,76.0,0,1,182850.0
2016-09-22,31433.0,2.46,0.0,0.0,75.5,0,1,202043.0
2016-09-23,29649.0,1.79,0.01,0.0,75.5,0,1,229401.0
2016-09-24,21661.0,5.14,0.2,0.0,64.5,0,1,275391.0
2016-09-25,9033.0,2.91,0.0,0.0,62.0,0,0,231467.0
2016-09-26,32397.0,4.47,0.0,0.0,64.0,0,0,175019.0
2016-09-27,34821.0,3.13,0.22,0.0,69.0,0,1,187446.0
2016-09-28,32102.0,8.05,0.0,0.0,62.5,0,1,208916.0
2016-09-29,35140.0,11.18,0.0,0.0,60.5,0,1,222555.0
2016-09-30,28349.0,9.62,0.4,0.0,57.5,0,1,259234.0
2016-10-01,23917.0,7.61,0.0,0.0,59.0,0,1,258838.0
2016-10-02,9372.0,2.68,0.0,0.0,60.0,0,0,223474.0
2016-10-03,28764.0,2.24,0.0,0.0,66.0,0,0,160288.0
2016-10-04,31928.0,7.61,0.0,0.0,64.5,0,1,166070.0
2016-10-05,32828.0,4.7,0.0,0.0,60.0,0,1,195207.0
2016-10-06,34393.0,2.01,0.0,0.0,64.0,0,1,219657.0
2016-10-07,33865.0,2.46,0.0,0.0,66.0,0,1,226423.0
2016-10-08,20711.0,2.01,0.23,0.0,63.0,0,1,276793.0
2016-10-09,6870.0,7.38,0.55,0.0,58.0,0,0,242565.0
2016-10-10,20917.0,4.7,0.0,0.0,55.5,1,0,166597.0
2016-10-11,34236.0,3.58,0.0,0.0,54.5,1,0,170830.0
2016-10-12,28489.0,1.12,0.0,0.0,59.5,0,1,169130.0
2016-10-13,34055.0,2.91,0.0,0.0,60.0,0,1,214008.0
2016-10-14,32517.0,4.7,0.0,0.0,54.5,0,1,237226.0
2016-10-15,22306.0,3.13,0.0,0.0,55.0,0,1,274358.0
2016-10-16,8752.0,4.03,0.0,0.0,61.0,0,0,237777.0
2016-10-17,25649.0,2.68,0.0,0.0,72.0,0,0,175888.0
2016-10-18,29125.0,4.03,0.0,0.0,74.0,0,1,187892.0
2016-10-19,31611.0,4.47,0.0,0.0,75.0,0,1,206717.0
2016-10-20,35117.0,6.26,0.0,0.0,66.0,0,1,224611.0
2016-10-21,26037.0,2.24,1.11,0.0,63.0,0,1,267325.0
2016-10-22,20488.0,10.51,0.29,0.0,52.0,0,1,305177.0
2016-10-23,9084.0,8.5,0.0,0.0,53.0,0,0,247385.0
2016-10-24,26132.0,6.04,0.0,0.0,54.5,0,0,184252.0
2016-10-25,29443.0,6.49,0.0,0.0,47.5,0,1,203753.0
2016-10-26,31712.0,4.03,0.0,0.0,44.5,0,1,222636.0
2016-10-27,28256.0,5.14,1.41,0.0,47.5,0,1,275831.0
2016-10-28,33628.0,8.28,0.0,0.0,46.5,0,1,271069.0
2016-10-29,21688.0,4.25,0.0,0.0,51.5,0,1,317877.0
2016-10-30,8447.0,3.8,0.56,0.0,65.0,0,0,284497.0
2016-10-31,29295.0,4.92,0.0,0.0,49.0,0,0,193295.0
2016-11-01,31856.0,3.13,0.0,0.0,49.0,0,1,206244.0
2016-11-02,31856.0,3.13,0.0,0.0,62.0,0,1,208692.0
2016-11-03,34365.0,5.14,0.0,0.0,64.5,0,1,240937.0
2016-11-04,33318.0,4.7,0.0,0.0,54.0,0,1,254472.0
2016-11-05,22849.0,3.13,0.0,0.0,53.0,0,1,287681.0
2016-11-06,8037.0,7.61,0.0,0.0,52.0,0,0,235017.0
2016-11-07,28313.0,5.37,0.0,0.0,47.0,0,0,198112.0
2016-11-08,18520.0,2.46,0.0,0.0,53.5,0,1,198556.0
2016-11-09,28803.0,3.58,0.06,0.0,54.0,0,1,233398.0
2016-11-10,34965.0,5.82,0.0,0.0,48.0,0,1,234164.0
2016-11-11,22373.0,8.28,0.0,0.0,52.0,1,1,263121.0
2016-11-12,21002.0,5.37,0.0,0.0,43.5,1,0,300020.0
2016-11-13,8568.0,5.37,0.0,0.0,51.0,0,0,254495.0
2016-11-14,31241.0,3.58,0.0,0.0,54.0,0,0,183502.0
2016-11-15,26065.0,5.59,1.81,0.0,51.5,0,1,224309.0
2016-11-16,31259.0,4.03,0.0,0.0,53.0,0,1,209036.0
2016-11-17,34723.0,4.25,0.0,0.0,55.0,0,1,226838.0
2016-11-18,33038.0,2.46,0.0,0.0,54.0,0,1,241669.0
2016-11-19,23091.0,4.92,0.25,0.0,50.0,0,1,290025.0
2016-11-20,8849.0,10.29,0.31,0.0,38.0,0,0,270422.0
2016-11-21,30769.0,13.2,0.0,0.0,38.5,0,0,221070.0
2016-11-22,31318.0,9.62,0.0,0.0,39.0,0,1,231272.0
2016-11-23,29425.0,4.92,0.0,0.0,40.0,0,1,229418.0
2016-11-24,4625.0,4.47,0.03,0.0,43.0,1,1,207168.0
2016-11-25,37607.0,2.01,0.02,0.0,49.5,1,0,185018.0
2016-11-26,19318.0,4.47,0.0,0.0,45.0,0,1,225932.0
2016-11-27,8156.0,4.7,0.0,0.0,44.5,0,0,218843.0
2016-11-28,25425.0,3.36,0.0,0.0,45.0,0,0,193118.0
2016-11-29,16866.0,4.92,2.2,0.0,55.5,0,1,253647.0
2016-11-30,19080.0,6.26,0.73,0.0,54.0,0,1,247185.0
2016-12-01,30506.0,7.61,0.07,0.0,48.0,0,1,243978.0
2016-12-02,28024.0,8.72,0.0,0.0,45.5,0,1,272217.0
2016-12-03,20899.0,8.72,0.0,0.0,44.0,0,1,320961.0
2016-12-04,9885.0,4.92,0.0,0.0,43.0,0,0,276499.0
2016-12-05,24968.0,5.59,0.19,0.0,43.5,0,0,220772.0
2016-12-06,27464.0,5.37,0.35,0.0,41.5,0,1,262836.0
2016-12-07,26392.0,3.8,0.09,0.0,43.0,0,1,249964.0
2016-12-08,25267.0,0.0,0.0,0.0,40.0,0,1,278725.0
2016-12-09,27476.0,0.0,0.0,0.0,34.0,0,1,314872.0
2016-12-10,20834.0,6.04,0.0,0.0,31.5,0,1,357925.0
2016-12-11,8162.0,4.03,0.03,0.4,31.5,0,0,296157.0
2016-12-12,22650.0,6.26,0.5,0.0,40.0,0,0,226947.0
2016-12-13,28026.0,4.03,0.0,0.0,39.0,0,1,234620.0
2016-12-14,23998.0,5.59,0.0,0.0,38.0,0,1,258602.0
2016-12-15,24146.0,10.96,0.0,0.0,26.5,0,1,322077.0
2016-12-16,22405.0,6.04,0.0,0.0,22.0,0,1,334664.0
2016-12-17,8001.0,4.25,0.73,2.8,31.5,0,1,339258.0
2016-12-18,6902.0,7.38,0.04,0.0,44.5,0,0,279809.0
2016-12-19,22706.0,6.71,0.0,0.0,27.0,0,0,232913.0
2016-12-20,25124.0,3.13,0.0,0.0,26.5,0,1,234130.0
2016-12-21,21335.0,2.91,0.0,0.0,35.0,0,1,232976.0
2016-12-22,26562.0,6.26,0.0,0.0,43.0,0,1,233954.0
2016-12-23,23570.0,6.49,0.0,0.0,42.5,0,1,222525.0
2016-12-24,13286.0,4.92,0.47,0.0,42.5,0,1,211252.0
2016-12-25,2909.0,6.26,0.0,0.0,43.0,0,0,162824.0
2016-12-26,3281.0,6.49,0.02,0.0,41.5,1,0,156395.0
2016-12-27,25274.0,7.16,0.0,0.0,50.0,1,0,167904.0
2016-12-28,22247.0,5.14,0.0,0.0,37.0,0,1,189832.0
2016-12-29,20203.0,5.37,0.39,0.0,39.5,0,1,217257.0
2016-12-30,21704.0,9.4,0.01,0.0,36.5,0,1,240048.0
2016-12-31,11779.0,6.93,0.0,0.0,37.5,0,1,287642.0
2017-01-01,4494.0,5.59,0.0,0.0,44.0,0,0,289877.0
2017-01-02,5509.0,9.17,0.21,0.0,39.0,1,0,185555.0
2017-01-03,23998.0,10.74,0.58,0.0,41.0,1,0,199725.0
2017-01-04,30652.0,8.05,0.0,0.0,43.0,0,1,191753.0
2017-01-05,31693.0,7.83,0.0,0.0,30.5,0,1,212228.0
2017-01-06,24480.0,4.7,0.05,1.2,29.0,0,1,253131.0
2017-01-07,10849.0,7.61,0.32,5.1,23.0,0,1,288199.0
2017-01-08,3161.0,8.72,0.0,0.0,20.5,0,0,267596.0
2017-01-09,21360.0,5.14,0.0,0.0,18.5,0,0,232260.0
2017-01-10,26497.0,4.7,0.0,0.0,33.5,0,1,219055.0
2017-01-11,31038.0,5.82,0.52,0.0,47.0,0,1,226370.0
2017-01-12,34035.0,7.61,0.05,0.0,56.5,0,1,233989.0
2017-01-13,28966.0,7.16,0.0,0.0,47.0,0,1,269449.0
2017-01-14,20428.0,4.25,0.12,0.6,31.0,0,1,323573.0
2017-01-15,8425.0,4.25,0.0,0.0,34.0,0,0,279735.0
2017-01-16,25871.0,4.7,0.0,0.0,36.5,1,0,213500.0
2017-01-17,30540.0,4.92,0.35,0.0,40.0,1,0,251163.0
2017-01-18,28789.0,5.82,0.06,0.0,39.5,0,1,226674.0
2017-01-19,32966.0,3.58,0.0,0.0,44.0,0,1,242937.0
2017-01-20,31621.0,4.03,0.1,0.0,42.5,0,1,279647.0
2017-01-21,23409.0,3.8,0.0,0.0,45.0,0,1,286551.0
2017-01-22,8450.0,6.71,0.05,0.0,45.5,0,0,262051.0
2017-01-23,27207.0,18.34,1.16,0.0,40.0,0,0,262189.0
2017-01-24,25825.0,10.07,1.18,0.0,36.5,0,1,264818.0
2017-01-25,31823.0,6.71,0.0,0.0,43.5,0,1,235730.0
2017-01-26,34634.0,6.71,0.02,0.0,49.5,0,1,258784.0
2017-01-27,33795.0,8.95,0.0,0.0,39.5,0,1,289713.0
2017-01-28,21494.0,7.83,0.0,0.0,36.5,0,1,331731.0
2017-01-29,8304.0,5.82,0.0,0.0,39.0,0,0,260742.0
2017-01-30,30626.0,6.26,0.0,0.0,33.5,0,0,192013.0
2017-01-31,30091.0,4.03,0.06,1.0,30.0,0,1,206213.0
2017-02-01,33022.0,5.82,0.0,0.0,40.0,0,1,206567.0
2017-02-02,35812.0,5.37,0.0,0.0,38.5,0,1,228837.0
2017-02-03,33540.0,6.71,0.0,0.0,29.5,0,1,280583.0
2017-02-04,23319.0,8.5,0.0,0.0,28.0,0,1,320077.0
2017-02-05,8659.0,7.16,0.0,0.0,37.0,0,0,288304.0
2017-02-06,30407.0,5.14,0.0,0.0,42.5,0,0,214426.0
2017-02-07,29992.0,6.71,0.27,0.0,39.0,0,1,237892.0
2017-02-08,30530.0,4.7,0.03,0.0,50.0,0,1,236093.0
2017-02-09,1723.0,12.3,1.16,9.4,31.5,0,1,207342.0
2017-02-10,18828.0,8.5,0.0,0.0,25.5,0,1,318826.0
2017-02-11,19302.0,4.03,0.0,0.0,39.0,0,1,345371.0
2017-02-12,6573.0,7.16,0.46,0.0,35.0,0,0,313131.0
2017-02-13,25158.0,12.3,0.02,0.0,35.0,0,0,232995.0
2017-02-14,34801.0,5.37,0.0,0.0,34.5,0,1,264034.0
2017-02-15,30324.0,6.49,0.0,0.0,41.0,0,1,255644.0
2017-02-16,35504.0,10.51,0.0,0.0,31.5,0,1,243398.0
2017-02-17,34351.0,8.5,0.0,0.0,33.5,0,1,283221.0
2017-02-18,23092.0,5.82,0.0,0.0,49.0,0,1,294758.0
2017-02-19,8619.0,5.59,0.0,0.0,59.0,0,0,270446.0
2017-02-20,24738.0,7.38,0.0,0.0,47.0,1,0,213049.0
2017-02-21,34044.0,5.82,0.0,0.0,40.5,1,0,209674.0
2017-02-22,29138.0,2.91,0.0,0.0,49.5,0,1,219267.0
2017-02-23,34219.0,3.58,0.0,0.0,54.5,0,1,239859.0
2017-02-24,33257.0,6.04,0.0,0.0,64.0,0,1,269620.0
2017-02-25,21908.0,6.71,0.54,0.0,53.5,0,1,326546.0
2017-02-26,8435.0,8.95,0.0,0.0,40.0,0,0,278677.0
2017-02-27,32448.0,5.59,0.0,0.0,44.5,0,0,221795.0
2017-02-28,35179.0,4.03,0.0,0.0,53.0,0,1,224518.0
2017-03-01,29242.0,6.04,0.12,0.0,62.0,0,1,243553.0
2017-03-02,37481.0,11.41,0.0,0.0,49.5,0,1,275612.0
2017-03-03,35519.0,8.28,0.0,0.0,31.5,0,1,312931.0
2017-03-04,23924.0,8.95,0.0,0.0,23.5,0,1,374316.0
2017-03-05,9863.0,5.37,0.0,0.0,25.5,0,0,303431.0
2017-03-06,32468.0,3.36,0.0,0.0,35.5,0,0,232252.0
2017-03-07,33258.0,4.25,0.1,0.0,49.0,0,1,242837.0
2017-03-08,32400.0,7.61,0.02,0.0,53.0,0,1,245191.0
2017-03-09,37001.0,8.72,0.0,0.0,54.0,0,1,268899.0
2017-03-10,23728.0,7.61,0.31,2.1,35.0,0,1,321702.0
2017-03-11,23605.0,9.62,0.0,0.0,23.0,0,1,366652.0
2017-03-12,8827.0,8.95,0.0,0.0,24.0,0,0,304387.0
2017-03-13,33356.0,4.47,0.0,0.0,28.0,0,0,264044.0
2017-03-14,715.0,13.42,1.97,7.6,26.5,0,1,138285.0
2017-03-15,14064.0,11.63,0.0,0.0,23.0,0,1,283897.0
2017-03-16,23328.0,7.83,0.0,0.0,31.5,0,1,291397.0
2017-03-17,22715.0,6.49,0.0,0.0,38.0,0,1,292159.0
2017-03-18,18806.0,8.72,0.08,0.0,36.5,0,1,350629.0
2017-03-19,8710.0,8.28,0.0,0.0,40.5,0,0,275796.0
2017-03-20,35826.0,5.14,0.0,0.0,42.5,0,0,221198.0
2017-03-21,39000.0,4.03,0.0,0.0,50.5,0,1,222963.0
2017-03-22,33060.0,11.41,0.0,0.0,37.0,0,1,266924.0
2017-03-23,37903.0,4.92,0.0,0.0,32.5,0,1,272503.0
2017-03-24,35749.0,6.26,0.0,0.0,46.5,0,1,287482.0
2017-03-25,23258.0,6.71,0.01,0.0,52.0,0,1,328377.0
2017-03-26,8747.0,8.28,0.14,0.0,39.5,0,0,282278.0
2017-03-27,29668.0,4.25,0.26,0.0,45.0,0,0,227588.0
2017-03-28,31062.0,5.82,0.72,0.0,43.5,0,1,267846.0
2017-03-29,33035.0,7.83,0.0,0.0,51.0,0,1,241152.0
2017-03-30,36335.0,5.82,0.01,0.0,45.0,0,1,268880.0
2017-03-31,23813.0,10.29,1.51,0.0,40.0,0,1,366687.0
2017-04-01,25875.0,7.61,0.0,0.0,42.5,0,1,286809.0
2017-04-02,10506.0,5.37,0.0,0.0,51.5,0,0,153824.0
2017-04-03,34469.0,4.92,0.03,0.0,55.5,0,0,228827.0
2017-04-04,33425.0,6.93,1.18,0.0,48.0,0,1,253667.0
2017-04-05,28028.0,3.36,0.0,0.0,55.0,0,1,257338.0
2017-04-06,27365.0,9.17,0.73,0.0,46.5,0,1,310360.0
2017-04-07,34676.0,10.51,0.0,0.0,45.5,0,1,312388.0
2017-04-08,24409.0,8.28,0.0,0.0,48.5,0,1,340748.0
2017-04-09,9907.0,4.92,0.0,0.0,56.0,0,0,290234.0
2017-04-10,32561.0,6.04,0.0,0.0,63.5,0,0,221383.0
2017-04-11,28921.0,5.59,0.0,0.0,70.5,0,1,228823.0
2017-04-12,27007.0,2.91,0.02,0.0,67.0,0,1,241812.0
2017-04-13,29263.0,5.14,0.0,0.0,56.5,0,1,261411.0
2017-04-14,26566.0,3.8,0.0,0.0,57.0,0,1,273368.0
2017-04-15,22051.0,5.59,0.0,0.0,58.0,0,1,295094.0
2017-04-16,7363.0,7.38,0.0,0.0,73.0,0,0,261721.0
2017-04-17,26637.0,6.71,0.0,0.0,66.0,0,0,209423.0
2017-04-18,30282.0,6.93,0.0,0.0,56.0,0,1,226079.0
2017-04-19,27644.0,5.59,0.0,0.0,49.5,0,1,259665.0
2017-04-20,35329.0,4.03,0.17,0.0,58.0,0,1,279663.0
2017-04-21,34900.0,7.38,0.29,0.0,50.5,0,1,316734.0
2017-04-22,22112.0,3.58,0.11,0.0,53.0,0,1,338931.0
2017-04-23,8925.0,4.92,0.0,0.0,56.0,0,0,290239.0
2017-04-24,33629.0,3.58,0.0,0.0,54.0,0,0,237492.0
2017-04-25,31282.0,13.2,0.91,0.0,51.5,0,1,304599.0
2017-04-26,30912.0,4.92,0.34,0.0,56.5,0,1,266442.0
2017-04-27,35992.0,2.91,0.0,0.0,63.5,0,1,283420.0
2017-04-28,34582.0,3.13,0.0,0.0,71.5,0,1,305779.0
2017-04-29,22388.0,5.14,0.06,0.0,74.5,0,1,349030.0
2017-04-30,9257.0,6.71,0.0,0.0,59.5,0,0,296080.0
2017-05-01,36193.0,5.14,0.0,0.0,61.5,0,0,235069.0
2017-05-02,37937.0,7.83,0.0,0.0,68.5,0,1,248254.0
2017-05-03,33544.0,8.28,0.0,0.0,58.0,0,1,258670.0
2017-05-04,32685.0,5.37,0.0,0.0,55.5,0,1,283217.0
2017-05-05,22247.0,6.49,3.02,0.0,55.0,0,1,362129.0
2017-05-06,24184.0,6.04,0.18,0.0,59.5,0,1,363495.0
2017-05-07,9387.0,5.59,0.01,0.0,51.5,0,0,298744.0
2017-05-08,34239.0,5.82,0.0,0.0,50.5,0,0,238365.0
2017-05-09,34675.0,4.47,0.0,0.0,55.0,0,1,252804.0
2017-05-10,33542.0,3.36,0.0,0.0,56.0,0,1,264128.0
2017-05-11,37987.0,3.58,0.0,0.0,56.5,0,1,280993.0
2017-05-12,34919.0,4.03,0.0,0.0,56.5,0,1,300513.0
2017-05-13,16999.0,7.61,1.61,0.0,49.0,0,1,413253.0
2017-05-14,9164.0,5.37,0.02,0.0,56.5,0,0,285489.0
2017-05-15,33862.0,8.95,0.0,0.0,60.5,0,0,242374.0
2017-05-16,36421.0,4.25,0.0,0.0,67.5,0,1,261455.0
2017-05-17,33413.0,5.59,0.0,0.0,77.5,0,1,285293.0
2017-05-18,34312.0,5.59,0.0,0.0,83.5,0,1,307699.0
2017-05-19,32040.0,6.26,0.0,0.0,78.5,0,1,316770.0
2017-05-20,22872.0,4.03,0.01,0.0,60.0,0,1,347202.0
2017-05-21,9595.0,4.03,0.0,0.0,60.5,0,0,292868.0
2017-05-22,26334.0,2.68,0.59,0.0,57.0,0,0,272897.0
2017-05-23,37145.0,2.24,0.0,0.0,62.5,0,1,250388.0
2017-05-24,32000.0,4.92,0.04,0.0,62.5,0,1,267190.0
2017-05-25,22630.0,8.05,0.58,0.0,57.5,0,1,322126.0
2017-05-26,34702.0,4.92,0.1,0.0,64.5,0,1,275577.0
2017-05-27,22265.0,3.13,0.0,0.0,65.0,0,1,286925.0
2017-05-28,8703.0,4.47,0.0,0.0,64.5,0,0,268412.0
2017-05-29,8394.0,5.14,0.13,0.0,58.5,1,0,225673.0
2017-05-30,35662.0,2.68,0.06,0.0,57.5,1,0,235448.0
2017-05-31,29721.0,2.46,0.03,0.0,66.5,0,1,251275.0
2017-06-01,34095.0,3.8,0.0,0.0,69.0,0,1,278825.0
2017-06-02,37651.0,4.47,0.01,0.0,66.5,0,1,310844.0
2017-06-03,26147.0,3.58,0.01,0.0,64.0,0,1,352874.0
2017-06-04,10187.0,2.24,0.09,0.0,63.0,0,0,309849.0
2017-06-05,33415.0,4.92,0.02,0.0,62.5,0,0,246125.0
2017-06-06,36273.0,7.16,0.06,0.0,55.0,0,1,277821.0
2017-06-07,34417.0,3.36,0.0,0.0,59.0,0,1,279545.0
2017-06-08,37456.0,3.8,0.0,0.0,62.0,0,1,303829.0
2017-06-09,37404.0,4.7,0.0,0.0,66.5,0,1,316171.0
2017-06-10,24261.0,3.58,0.0,0.0,75.5,0,1,361683.0
2017-06-11,9743.0,5.14,0.0,0.0,81.0,0,0,308942.0
2017-06-12,34217.0,3.8,0.0,0.0,84.5,0,0,257529.0
2017-06-13,36918.0,3.13,0.0,0.0,85.5,0,1,278224.0
2017-06-14,34505.0,4.7,0.29,0.0,76.5,0,1,281060.0
2017-06-15,39540.0,4.25,0.0,0.0,70.0,0,1,292870.0
2017-06-16,37007.0,5.14,0.0,0.0,65.5,0,1,314151.0
2017-06-17,22295.0,2.24,1.39,0.0,70.0,0,1,359935.0
2017-06-18,9225.0,3.58,0.0,0.0,77.5,0,0,298487.0
2017-06-19,33138.0,3.8,1.35,0.0,79.0,0,0,281573.0
2017-06-20,39218.0,5.14,0.03,0.0,77.0,0,1,267419.0
2017-06-21,34157.0,4.7,0.0,0.0,77.0,0,1,286777.0
2017-06-22,38140.0,2.24,0.0,0.0,75.5,0,1,280190.0
2017-06-23,34025.0,4.92,0.04,0.0,79.5,0,1,337780.0
2017-06-24,22385.0,5.37,1.29,0.0,77.5,0,1,373633.0
2017-06-25,6267.0,2.46,0.0,0.0,75.5,0,0,300373.0
2017-06-26,23385.0,3.13,0.0,0.0,71.5,0,0,239108.0
2017-06-27,31428.0,3.58,0.18,0.0,68.5,0,1,264997.0
2017-06-28,32227.0,4.92,0.0,0.0,69.5,0,1,265042.0
2017-06-29,38722.0,5.37,0.0,0.0,75.0,0,1,274945.0
2017-06-30,36115.0,5.82,0.0,0.0,80.5,0,1,297555.0
2017-07-01,24665.0,4.03,0.23,0.0,78.0,0,1,307019.0
2017-07-02,9663.0,4.92,0.0,0.0,79.5,0,0,266521.0
2017-07-03,35750.0,1.79,0.45,0.0,79.5,0,0,222252.0
2017-07-04,6488.0,2.68,0.0,0.0,77.5,1,1,231755.0
2017-07-05,34387.0,4.92,0.0,0.0,77.5,1,0,229906.0
2017-07-06,40358.0,3.58,0.0,0.0,74.0,0,1,241765.0
2017-07-07,33052.0,5.37,1.78,0.0,74.0,0,1,312204.0
2017-07-08,24312.0,3.36,0.0,0.0,76.5,0,1,331373.0
2017-07-09,9685.0,3.58,0.0,0.0,74.0,0,0,295165.0
2017-07-10,33762.0,3.36,0.0,0.0,76.0,0,0,244557.0
2017-07-11,36046.0,3.13,0.0,0.0,80.0,0,1,261197.0
2017-07-12,34524.0,5.14,0.0,0.0,82.5,0,1,283241.0
2017-07-13,37208.0,4.92,0.0,0.0,81.5,0,1,308048.0
2017-07-14,30928.0,4.7,0.35,0.0,69.0,0,1,332767.0
2017-07-15,23145.0,3.36,0.0,0.0,76.0,0,1,351801.0
2017-07-16,9484.0,2.68,0.0,0.0,77.5,0,0,313134.0
2017-07-17,32890.0,2.68,0.0,0.0,79.0,0,0,253122.0
2017-07-18,37950.0,2.91,0.0,0.0,80.5,0,1,273339.0
2017-07-19,32759.0,3.13,0.0,0.0,84.5,0,1,291490.0
2017-07-20,36436.0,2.91,0.01,0.0,85.5,0,1,313060.0
2017-07-21,35510.0,3.8,0.0,0.0,84.0,0,1,328865.0
2017-07-22,23921.0,2.46,0.57,0.0,81.5,0,1,361226.0
2017-07-23,8604.0,2.68,0.06,0.0,75.0,0,0,308667.0
2017-07-24,30751.0,6.71,0.74,0.0,68.0,0,0,263944.0
2017-07-25,37597.0,5.14,0.0,0.0,66.5,0,1,250612.0
2017-07-26,31942.0,3.8,0.0,0.0,71.0,0,1,267705.0
2017-07-27,36530.0,2.46,0.0,0.0,71.5,0,1,292499.0
2017-07-28,34949.0,2.91,0.0,0.0,78.0,0,1,317731.0
2017-07-29,20161.0,9.4,0.0,0.0,72.0,0,1,346298.0
2017-07-30,8933.0,4.25,0.0,0.0,73.0,0,0,311809.0
2017-07-31,32997.0,2.01,0.0,0.0,77.0,0,0,249143.0
2017-08-01,36789.0,2.68,0.0,0.0,81.5,0,1,255439.0
2017-08-02,32367.0,1.57,0.09,0.0,77.5,0,1,283101.0
2017-08-03,40055.0,1.79,0.0,0.0,77.5,0,1,292100.0
2017-08-04,35230.0,4.25,0.15,0.0,76.5,0,1,317711.0
2017-08-05,20036.0,4.47,0.3,0.0,73.5,0,1,333763.0
2017-08-06,8917.0,3.8,0.0,0.0,70.0,0,0,294835.0
2017-08-07,26875.0,2.46,0.76,0.0,67.5,0,0,277955.0
2017-08-08,38574.0,2.91,0.0,0.0,71.5,0,1,250270.0
2017-08-09,33389.0,1.34,0.0,0.0,74.5,0,1,266578.0
2017-08-10,36987.0,2.24,0.0,0.0,75.5,0,1,284590.0
2017-08-11,34527.0,2.68,0.0,0.0,75.5,0,1,310270.0
2017-08-12,20461.0,3.36,0.11,0.0,70.5,0,1,337264.0
2017-08-13,8688.0,3.8,0.0,0.0,77.0,0,0,297520.0
2017-08-14,29658.0,2.24,0.0,0.0,75.0,0,0,241937.0
2017-08-15,25318.0,1.12,0.45,0.0,71.0,0,1,267891.0
2017-08-16,29889.0,2.24,0.0,0.0,78.5,0,1,267452.0
2017-08-17,36756.0,3.13,0.0,0.0,76.0,0,1,281423.0
2017-08-18,31586.0,3.36,0.88,0.0,77.5,0,1,332476.0
2017-08-19,20672.0,2.91,0.0,0.0,79.5,0,1,348837.0
2017-08-20,8643.0,4.47,0.0,0.0,75.0,0,0,310395.0
2017-08-21,31012.0,3.36,0.0,0.0,79.0,0,0,251019.0
2017-08-22,34108.0,5.14,0.3,0.0,80.5,0,1,272634.0
2017-08-23,32278.0,4.03,0.0,0.0,75.5,0,1,275430.0
2017-08-24,35668.0,3.13,0.0,0.0,72.5,0,1,282361.0
2017-08-25,33618.0,2.46,0.0,0.0,70.5,0,1,309724.0
2017-08-26,20896.0,3.8,0.0,0.0,70.0,0,1,351846.0
2017-08-27,8180.0,4.47,0.0,0.0,70.5,0,0,315667.0
2017-08-28,31718.0,6.26,0.0,0.0,69.5,0,0,241983.0
2017-08-29,31626.0,8.05,0.29,0.0,64.5,0,1,289094.0
2017-08-30,31503.0,5.14,0.01,0.0,69.0,0,1,264608.0
2017-08-31,35265.0,3.8,0.0,0.0,72.5,0,1,286674.0
2017-09-01,25821.0,4.92,0.0,0.0,63.0,0,1,312817.0
2017-09-02,19140.0,5.59,0.53,0.0,61.0,0,1,364776.0
2017-09-03,7552.0,5.59,0.74,0.0,64.0,0,0,311961.0
2017-09-04,7399.0,4.7,0.0,0.0,70.5,1,0,270350.0
2017-09-05,36659.0,3.13,0.0,0.0,77.0,1,0,266435.0
2017-09-06,30716.0,3.8,0.42,0.0,66.5,0,1,315677.0
2017-09-07,37162.0,4.92,0.01,0.0,65.0,0,1,309278.0
2017-09-08,37841.0,3.8,0.0,0.0,64.5,0,1,353343.0
2017-09-09,23964.0,4.03,0.0,0.0,62.5,0,1,405032.0
2017-09-10,10052.0,5.82,0.0,0.0,64.5,0,0,354521.0
2017-09-11,35431.0,2.01,0.0,0.0,65.5,0,0,276020.0
2017-09-12,40024.0,1.34,0.0,0.0,68.5,0,1,287385.0
2017-09-13,35295.0,2.46,0.06,0.0,73.5,0,1,305818.0
2017-09-14,39781.0,2.24,0.02,0.0,75.5,0,1,323173.0
2017-09-15,39082.0,1.57,0.0,0.0,74.0,0,1,346999.0
2017-09-16,24770.0,2.91,0.0,0.0,76.0,0,1,399337.0
2017-09-17,9332.0,2.68,0.0,0.0,74.5,0,0,352600.0
2017-09-18,29497.0,6.93,0.0,0.0,70.5,0,0,257691.0
2017-09-19,31185.0,9.84,0.22,0.0,73.5,0,1,278770.0
2017-09-20,30622.0,6.26,0.0,0.0,75.0,0,1,267130.0
2017-09-21,27604.0,5.59,0.0,0.0,75.5,0,1,270363.0
2017-09-22,28380.0,7.16,0.0,0.0,74.0,0,1,319220.0
2017-09-23,24217.0,4.7,0.0,0.0,77.5,0,1,391538.0
2017-09-24,8811.0,1.57,0.0,0.0,80.0,0,0,339047.0
2017-09-25,33479.0,2.91,0.0,0.0,79.0,0,0,261335.0
2017-09-26,36944.0,2.01,0.0,0.0,76.0,0,1,270549.0
2017-09-27,33756.0,3.8,0.0,0.0,78.0,0,1,292742.0
2017-09-28,38568.0,5.82,0.0,0.0,69.0,0,1,306563.0
2017-09-29,37066.0,2.46,0.0,0.0,61.5,0,1,332047.0
2017-09-30,20562.0,6.26,0.0,0.0,60.0,0,1,382731.0
2017-10-01,11233.0,2.91,0.0,0.0,59.0,0,0,331088.0
2017-10-02,38993.0,2.46,0.0,0.0,62.5,0,0,247936.0
2017-10-03,42684.0,3.13,0.0,0.0,64.0,0,1,261854.0
2017-10-04,35180.0,4.92,0.0,0.0,65.5,0,1,281625.0
2017-10-05,34301.0,4.92,0.0,0.0,74.0,0,1,305869.0
2017-10-06,32933.0,2.46,0.0,0.0,75.0,0,1,343728.0
2017-10-07,24081.0,4.03,0.0,0.0,73.5,0,1,399815.0
2017-10-08,8277.0,4.92,0.22,0.0,74.5,0,0,352474.0
2017-10-09,20708.0,4.92,0.26,0.0,74.0,1,0,273715.0
2017-10-10,39966.0,2.91,0.0,0.0,73.5,1,0,275694.0
2017-10-11,35075.0,5.82,0.06,0.0,68.5,0,1,283993.0
2017-10-12,34279.0,8.72,0.07,0.0,59.5,0,1,310596.0
2017-10-13,33668.0,6.04,0.0,0.0,59.5,0,1,350385.0
2017-10-14,24832.0,2.46,0.08,0.0,66.5,0,1,407231.0
2017-10-15,9088.0,4.25,0.0,0.0,69.5,0,0,344702.0
2017-10-16,37723.0,6.71,0.01,0.0,57.5,0,0,276436.0
2017-10-17,42399.0,4.03,0.0,0.0,50.0,0,1,284724.0
2017-10-18,36982.0,3.8,0.0,0.0,61.0,0,1,294380.0
2017-10-19,34108.0,4.47,0.0,0.0,63.5,0,1,316409.0
2017-10-20,39595.0,4.03,0.0,0.0,65.0,0,1,358143.0
2017-10-21,24875.0,2.24,0.0,0.0,67.0,0,1,400397.0
2017-10-22,9857.0,1.57,0.0,0.0,66.5,0,0,340921.0
2017-10-23,35099.0,3.58,0.0,0.0,67.5,0,0,267240.0
2017-10-24,35025.0,5.59,0.2,0.0,70.5,0,1,300898.0
2017-10-25,35606.0,2.01,0.0,0.0,62.0,0,1,301617.0
2017-10-26,39887.0,6.04,0.0,0.0,54.0,0,1,342150.0
2017-10-27,37622.0,3.8,0.0,0.0,54.5,0,1,385336.0
2017-10-28,24442.0,4.92,0.0,0.0,62.0,0,1,453283.0
2017-10-29,6229.0,6.71,3.03,0.0,63.5,0,0,448968.0
2017-10-30,34719.0,8.72,0.25,0.0,53.5,0,0,292953.0
2017-10-31,34561.0,5.82,0.0,0.0,51.0,0,1,300744.0
2017-11-01,30380.0,2.46,0.0,0.0,51.0,0,1,312490.0
2017-11-02,41776.0,2.46,0.0,0.0,65.0,0,1,328777.0
2017-11-03,38330.0,5.59,0.0,0.0,62.5,0,1,385321.0
2017-11-04,26329.0,5.82,0.0,0.0,51.0,0,1,432208.0
2017-11-05,6975.0,4.25,0.02,0.0,56.0,0,0,353581.0
2017-11-06,35212.0,4.92,0.01,0.0,56.0,0,0,303232.0
2017-11-07,25962.0,6.49,0.7,0.0,44.5,0,1,367155.0
2017-11-08,35972.0,5.37,0.0,0.0,44.0,0,1,330026.0
2017-11-09,41143.0,3.36,0.0,0.0,47.0,0,1,345413.0
2017-11-10,23496.0,9.4,0.01,0.0,38.0,1,1,442358.0
2017-11-11,19227.0,4.7,0.0,0.0,31.0,1,0,460723.0
2017-11-12,9657.0,1.79,0.0,0.0,39.0,0,0,387016.0
2017-11-13,33985.0,3.58,0.07,0.0,43.0,0,0,321986.0
2017-11-14,39685.0,4.92,0.0,0.0,41.5,0,1,324604.0
2017-11-15,35882.0,5.14,0.0,0.0,44.0,0,1,340424.0
2017-11-16,38105.0,6.49,0.2,0.0,50.0,0,1,374801.0
2017-11-17,37734.0,7.83,0.0,0.0,42.0,0,1,418439.0
2017-11-18,23918.0,3.36,0.1,0.0,45.0,0,1,484704.0
2017-11-19,10004.0,9.62,0.23,0.0,48.5,0,0,400589.0
2017-11-20,35851.0,6.71,0.0,0.0,41.5,0,0,316617.0
2017-11-21,40067.0,5.14,0.0,0.0,50.0,0,1,322383.0
2017-11-22,32959.0,6.71,0.21,0.0,45.5,0,1,364443.0
2017-11-23,4517.0,4.7,0.0,0.0,37.0,1,1,330866.0
2017-11-24,48031.0,3.8,0.0,0.0,42.5,1,0,299353.0
2017-11-25,22437.0,4.03,0.0,0.0,50.0,0,1,340792.0
2017-11-26,8514.0,6.71,0.0,0.0,45.5,0,0,330221.0
2017-11-27,33921.0,6.49,0.0,0.0,45.0,0,0,295055.0
2017-11-28,34987.0,4.47,0.0,0.0,45.0,0,1,303310.0
2017-11-29,29126.0,5.37,0.0,0.0,52.5,0,1,318981.0
2017-11-30,29973.0,4.47,0.03,0.0,45.5,0,1,357419.0
2017-12-01,31608.0,5.37,0.0,0.0,47.0,0,1,406383.0
2017-12-02,21697.0,3.13,0.0,0.0,43.5,0,1,460815.0
2017-12-03,8695.0,2.01,0.0,0.0,45.0,0,0,388223.0
2017-12-04,26915.0,3.58,0.0,0.0,45.5,0,0,311822.0
2017-12-05,29268.0,6.71,0.75,0.0,55.5,0,1,356388.0
2017-12-06,28000.0,7.61,0.0,0.0,49.5,0,1,353807.0
2017-12-07,31493.0,6.71,0.0,0.0,40.5,0,1,382215.0
2017-12-08,24828.0,4.92,0.0,0.0,36.5,0,1,433806.0
2017-12-09,13032.0,4.25,0.46,4.6,32.5,0,1,526648.0
2017-12-10,7404.0,6.49,0.0,0.0,34.0,0,0,400388.0
2017-12-11,27113.0,5.37,0.0,0.0,37.0,0,0,334459.0
2017-12-12,33167.0,7.38,0.0,0.0,39.5,0,1,348262.0
2017-12-13,26984.0,10.74,0.0,0.0,25.5,0,1,399727.0
2017-12-14,28045.0,5.82,0.09,1.2,27.0,0,1,419623.0
2017-12-15,25801.0,3.8,0.11,1.2,24.0,0,1,476889.0
2017-12-16,19511.0,6.71,0.0,0.0,31.0,0,1,494688.0
2017-12-17,9274.0,2.91,0.0,0.0,35.0,0,0,410944.0
2017-12-18,29458.0,4.92,0.02,0.0,40.5,0,0,325772.0
2017-12-19,33826.0,7.61,0.0,0.0,50.0,0,1,335567.0
2017-12-20,29888.0,7.38,0.0,0.0,42.5,0,1,362371.0
2017-12-21,33659.0,4.03,0.0,0.0,35.5,0,1,376842.0
2017-12-22,30536.0,4.03,0.0,0.0,42.5,0,1,384594.0
2017-12-23,16752.0,4.92,0.49,0.0,43.0,0,1,375125.0
2017-12-24,6693.0,7.83,0.01,0.0,38.5,0,0,332469.0
2017-12-25,2534.0,10.96,0.23,0.0,33.0,1,0,266532.0
2017-12-26,30279.0,8.72,0.0,0.0,25.5,1,0,268996.0
2017-12-27,26632.0,6.26,0.0,0.0,20.5,0,1,308919.0
2017-12-28,25919.0,8.05,0.0,0.0,14.5,0,1,355412.0
2017-12-29,24475.0,6.71,0.0,0.0,16.5,0,1,391311.0
2017-12-30,12766.0,5.37,0.05,0.7,20.0,0,1,389873.0
2017-12-31,3626.0,9.17,0.0,0.0,15.0,0,0,457515.0
2018-01-01,3576.0,7.83,0.0,0.0,13.0,1,0,435553.0
2018-01-02,33745.0,8.05,0.0,0.0,19.5,1,0,310403.0
2018-01-03,34357.0,3.13,0.0,0.0,23.0,0,1,325640.0
2018-01-04,1551.0,12.53,0.76,9.8,24.0,0,1,225847.0
2018-01-05,9226.0,12.97,0.0,0.0,14.0,0,1,419914.0
2018-01-06,9840.0,10.96,0.0,0.0,9.5,0,1,481917.0
2018-01-07,5336.0,6.49,0.0,0.0,11.5,0,0,403055.0
2018-01-08,25159.0,5.82,0.01,0.0,24.0,0,0,339005.0
2018-01-09,31613.0,6.71,0.0,0.0,37.0,0,1,331528.0
2018-01-10,31893.0,4.25,0.0,0.0,36.5,0,1,334200.0
2018-01-11,32681.0,3.13,0.0,0.0,47.0,0,1,349004.0
2018-01-12,22021.0,6.93,0.54,0.0,52.5,0,1,420482.0
2018-01-13,23278.0,9.62,0.05,0.0,38.5,0,1,462398.0
2018-01-14,8760.0,8.05,0.0,0.0,20.0,0,0,433347.0
2018-01-15,23774.0,8.05,0.0,0.0,23.0,1,0,335520.0
2018-01-16,38642.0,4.03,0.0,0.0,30.5,1,0,338951.0
2018-01-17,26165.0,6.04,0.19,0.4,29.0,0,1,363972.0
2018-01-18,39986.0,7.83,0.0,0.0,25.0,0,1,382031.0
2018-01-19,37142.0,5.37,0.0,0.0,32.5,0,1,423639.0
2018-01-20,23950.0,8.5,0.0,0.0,45.0,0,1,448972.0
2018-01-21,10040.0,2.91,0.0,0.0,46.0,0,0,379694.0
2018-01-22,34846.0,5.37,0.01,0.0,43.5,0,0,313899.0
2018-01-23,35456.0,6.26,0.3,0.0,49.0,0,1,336295.0
2018-01-24,34308.0,9.4,0.0,0.0,35.5,0,1,354459.0
2018-01-25,39740.0,6.71,0.0,0.0,28.5,0,1,394517.0
2018-01-26,38310.0,3.8,0.0,0.0,32.0,0,1,441925.0
2018-01-27,24343.0,6.49,0.0,0.0,45.5,0,1,463940.0
2018-01-28,8742.0,3.8,0.21,0.0,50.5,0,0,393989.0
2018-01-29,35815.0,9.17,0.0,0.1,41.0,0,0,316335.0
2018-01-30,37135.0,7.61,0.11,0.9,30.0,0,1,344567.0
2018-01-31,32969.0,6.71,0.0,0.0,25.5,0,1,366767.0
2018-02-01,40144.0,3.8,0.05,0.0,38.5,0,1,368431.0
2018-02-02,37163.0,9.17,0.18,0.0,29.0,0,1,468384.0
2018-02-03,25904.0,7.61,0.0,0.0,23.5,0,1,503873.0
2018-02-04,8974.0,4.03,0.96,0.0,38.0,0,0,459208.0
2018-02-05,35751.0,7.61,0.0,0.0,33.0,0,0,351841.0
2018-02-06,40193.0,4.03,0.0,0.0,31.5,0,1,350935.0
2018-02-07,22569.0,6.71,0.85,0.5,37.5,0,1,423059.0
2018-02-08,40749.0,6.71,0.0,0.0,29.0,0,1,403270.0
2018-02-09,37434.0,4.92,0.0,0.0,32.5,0,1,451431.0
2018-02-10,20905.0,2.24,0.58,0.0,44.5,0,1,516578.0
2018-02-11,7153.0,3.13,1.21,0.0,53.5,0,0,429818.0
2018-02-12,30618.0,7.16,0.0,0.0,47.0,0,0,345197.0
2018-02-13,39477.0,5.59,0.0,0.0,32.0,0,1,375506.0
2018-02-14,31889.0,5.37,0.08,0.0,44.0,0,1,410627.0
2018-02-15,39070.0,5.14,0.16,0.0,54.0,0,1,400800.0
2018-02-16,28069.0,6.93,0.09,0.0,47.0,0,1,439454.0
2018-02-17,23051.0,4.47,0.52,4.4,34.0,0,1,500367.0
2018-02-18,8471.0,5.82,0.01,0.0,38.5,0,0,415447.0
2018-02-19,27533.0,4.25,0.04,0.0,42.5,1,0,343552.0
2018-02-20,39162.0,6.04,0.0,0.0,57.0,1,0,327630.0
2018-02-21,34605.0,5.82,0.06,0.0,66.5,0,1,353038.0
2018-02-22,34186.0,8.28,0.17,0.0,48.0,0,1,416846.0
2018-02-23,34167.0,6.26,0.06,0.0,39.0,0,1,454602.0
2018-02-24,22101.0,5.37,0.08,0.0,48.5,0,1,496759.0
2018-02-25,7755.0,6.26,0.73,0.0,42.0,0,0,426867.0
2018-02-26,35746.0,4.47,0.0,0.0,47.5,0,0,341502.0
2018-02-27,38244.0,4.47,0.0,0.0,47.5,0,1,357291.0
2018-02-28,35686.0,5.14,0.0,0.0,51.5,0,1,374043.0
2018-03-01,35259.0,5.14,0.38,0.0,52.0,0,1,425179.0
2018-03-02,18852.0,10.51,1.86,0.0,39.0,0,1,537483.0
2018-03-03,25483.0,11.18,0.0,0.0,42.5,0,1,494850.0
2018-03-04,10121.0,9.62,0.0,0.0,39.0,0,0,442204.0
2018-03-05,37249.0,7.16,0.0,0.0,38.0,0,0,368445.0
2018-03-06,40793.0,4.7,0.0,0.0,39.5,0,1,384029.0
2018-03-07,12950.0,10.07,1.41,3.2,36.0,0,1,395349.0
2018-03-08,30730.0,6.04,0.0,0.0,36.0,0,1,430793.0
2018-03-09,39732.0,7.83,0.0,0.0,36.0,0,1,468320.0
2018-03-10,25592.0,8.5,0.0,0.0,35.5,0,1,512923.0
2018-03-11,9284.0,5.37,0.0,0.0,38.5,0,0,424279.0
2018-03-12,36610.0,8.5,0.08,0.0,37.5,0,0,378981.0
2018-03-13,34820.0,8.5,0.28,0.0,36.5,0,1,404211.0
2018-03-14,35882.0,10.96,0.01,0.0,36.0,0,1,422009.0
2018-03-15,40956.0,10.07,0.0,0.0,40.0,0,1,444483.0
2018-03-16,38416.0,9.84,0.0,0.0,35.0,0,1,476379.0
2018-03-17,22724.0,7.61,0.0,0.0,37.5,0,1,521210.0
2018-03-18,8116.0,6.26,0.0,0.0,35.5,0,0,435407.0
2018-03-19,34339.0,5.82,0.0,0.0,40.0,0,0,365928.0
2018-03-20,37875.0,8.95,0.0,0.0,34.5,0,1,408819.0
2018-03-21,7593.0,10.74,0.99,8.2,35.0,0,1,324741.0
2018-03-22,21250.0,6.71,0.06,0.2,41.0,0,1,443459.0
2018-03-23,30189.0,5.59,0.0,0.0,42.0,0,1,462576.0
2018-03-24,21360.0,6.04,0.0,0.0,43.0,0,1,501258.0
2018-03-25,8542.0,8.28,0.0,0.0,39.0,0,0,444933.0
2018-03-26,35603.0,5.82,0.0,0.0,42.0,0,0,374862.0
2018-03-27,35067.0,3.36,0.01,0.0,40.5,0,1,396384.0
2018-03-28,34551.0,4.03,0.03,0.0,45.0,0,1,408405.0
2018-03-29,30701.0,2.91,0.03,0.0,51.0,0,1,436690.0
2018-03-30,27325.0,4.03,0.03,0.0,53.0,0,1,454474.0
2018-03-31,22038.0,6.49,0.0,0.0,48.5,0,1,473028.0
2018-04-01,8903.0,6.71,0.0,0.0,51.5,0,0,418465.0
2018-04-02,25282.0,5.82,0.59,5.5,38.0,0,0,369307.0
2018-04-03,33272.0,4.7,0.26,0.0,41.0,0,1,402732.0
2018-04-04,32542.0,8.5,0.04,0.0,48.0,0,1,400298.0
2018-04-05,33993.0,8.72,0.0,0.0,39.5,0,1,431415.0
2018-04-06,29717.0,4.92,0.11,0.0,49.5,0,1,463064.0
2018-04-07,22732.0,7.38,0.0,0.0,43.0,0,1,509725.0
2018-04-08,9757.0,8.5,0.0,0.0,39.0,0,0,441952.0
2018-04-09,36750.0,5.37,0.0,0.0,40.5,0,0,382292.0
2018-04-10,39423.0,4.92,0.01,0.0,44.5,0,1,394998.0
2018-04-11,33471.0,3.8,0.0,0.0,44.0,0,1,407058.0
2018-04-12,41132.0,5.59,0.0,0.0,54.5,0,1,428928.0
2018-04-13,38511.0,5.59,0.0,0.0,71.0,0,1,471760.0
2018-04-14,24596.0,7.38,0.0,0.0,60.5,0,1,538834.0
2018-04-15,9008.0,12.3,0.47,0.0,41.0,0,0,478994.0
2018-04-16,26155.0,11.41,2.82,0.0,49.5,0,0,420520.0
2018-04-17,40626.0,8.5,0.0,0.0,43.0,0,1,401753.0
2018-04-18,34651.0,6.49,0.0,0.0,46.0,0,1,406967.0
2018-04-19,36809.0,7.61,0.15,0.0,43.5,0,1,462087.0
2018-04-20,38427.0,8.5,0.0,0.0,43.5,0,1,491471.0
2018-04-21,25483.0,5.82,0.0,0.0,51.0,0,1,528921.0
2018-04-22,9120.0,4.25,0.0,0.0,55.5,0,0,449877.0
2018-04-23,36377.0,4.47,0.0,0.0,57.0,0,0,373629.0
2018-04-24,41087.0,4.25,0.05,0.0,56.0,0,1,393505.0
2018-04-25,30245.0,3.8,0.95,0.0,56.0,0,1,443345.0
2018-04-26,41100.0,4.92,0.1,0.0,62.5,0,1,435903.0
2018-04-27,36648.0,2.46,0.05,0.0,55.0,0,1,489149.0
2018-04-28,24066.0,3.36,0.1,0.0,59.0,0,1,526217.0
2018-04-29,9065.0,5.82,0.08,0.0,53.0,0,0,457999.0
2018-04-30,36619.0,5.14,0.0,0.0,47.5,0,0,403892.0
2018-05-01,44844.0,4.25,0.0,0.0,64.0,0,1,389763.0
2018-05-02,38741.0,5.37,0.0,0.0,77.5,0,1,422631.0
2018-05-03,42385.0,5.37,0.02,0.0,81.0,0,1,471059.0
2018-05-04,40610.0,3.58,0.0,0.0,78.0,0,1,479145.0
2018-05-05,25173.0,4.92,0.0,0.0,68.5,0,1,539227.0
2018-05-06,8789.0,3.8,0.0,0.0,61.0,0,0,437712.0
2018-05-07,36969.0,2.01,0.0,0.0,65.5,0,0,371816.0
2018-05-08,41810.0,1.79,0.0,0.0,63.5,0,1,388227.0
2018-05-09,36654.0,2.24,0.0,0.0,65.5,0,1,407083.0
2018-05-10,34859.0,2.68,0.25,0.0,60.0,0,1,461268.0
2018-05-11,39279.0,3.58,0.0,0.0,66.5,0,1,468626.0
2018-05-12,25067.0,3.58,0.22,0.0,57.0,0,1,540407.0
2018-05-13,8352.0,2.46,0.1,0.0,53.0,0,0,466790.0
2018-05-14,36963.0,1.34,0.03,0.0,61.5,0,0,373281.0
2018-05-15,39402.0,2.68,0.58,0.0,74.5,0,1,426706.0
2018-05-16,29229.0,2.46,0.34,0.0,60.0,0,1,467782.0
2018-05-17,38033.0,1.12,0.22,0.0,63.5,0,1,464882.0
2018-05-18,37344.0,5.82,0.0,0.0,61.5,0,1,472382.0
2018-05-19,18548.0,4.03,0.65,0.0,52.5,0,1,557094.0
2018-05-20,9410.0,3.8,0.0,0.0,68.5,0,0,432032.0
2018-05-21,30542.0,2.46,0.0,0.0,68.5,0,0,362123.0
2018-05-22,38903.0,0.89,0.29,0.0,61.5,0,1,410608.0
2018-05-23,34158.0,2.46,0.29,0.0,70.0,0,1,414504.0
2018-05-24,40521.0,2.91,0.0,0.0,73.0,0,1,441659.0
2018-05-25,37025.0,5.14,0.0,0.0,75.5,0,1,450766.0
2018-05-26,22539.0,2.01,0.0,0.0,80.5,0,1,472603.0
2018-05-27,7673.0,8.28,0.44,0.0,68.0,0,0,420427.0
2018-05-28,9388.0,1.79,0.0,0.0,62.5,1,0,337027.0
2018-05-29,41053.0,1.12,0.0,0.0,76.0,1,0,368393.0
2018-05-30,36500.0,2.24,0.0,0.0,69.5,0,1,400130.0
2018-05-31,37683.0,2.01,0.1,0.0,65.5,0,1,465707.0
2018-06-01,39438.0,0.89,0.27,0.0,73.0,0,1,485288.0
2018-06-02,24645.0,3.8,0.08,0.0,76.5,0,1,535360.0
2018-06-03,10009.0,5.82,0.25,0.0,58.5,0,0,457129.0
2018-06-04,36064.0,3.8,0.16,0.0,61.0,0,0,377651.0
2018-06-05,41997.0,3.8,0.0,0.0,66.5,0,1,374362.0
2018-06-06,36389.0,2.68,0.0,0.0,64.5,0,1,412781.0
2018-06-07,41090.0,2.46,0.0,0.0,65.5,0,1,445940.0
2018-06-08,38252.0,2.91,0.0,0.0,71.0,0,1,464817.0
2018-06-09,21587.0,1.79,0.0,0.0,75.0,0,1,503208.0
2018-06-10,8584.0,1.12,0.01,0.0,65.5,0,0,434219.0
2018-06-11,35520.0,3.13,0.0,0.0,65.5,0,0,365045.0
2018-06-12,39690.0,3.36,0.0,0.0,66.0,0,1,373610.0
2018-06-13,32941.0,3.58,0.04,0.0,70.5,0,1,423652.0
2018-06-14,39029.0,6.93,0.0,0.0,75.5,0,1,456013.0
2018-06-15,22585.0,3.13,0.0,0.0,69.5,0,1,455962.0
2018-06-16,17743.0,2.24,0.0,0.0,74.5,0,1,493165.0
2018-06-17,8682.0,1.79,0.0,0.0,78.5,0,0,427234.0
2018-06-18,35250.0,5.59,0.08,0.0,82.0,0,0,402819.0
2018-06-19,40543.0,3.8,0.07,0.0,81.5,0,1,409617.0
2018-06-20,34698.0,1.57,0.09,0.0,76.0,0,1,424553.0
2018-06-21,39033.0,2.01,0.59,0.0,74.0,0,1,459147.0
2018-06-22,37231.0,4.7,0.1,0.0,68.5,0,1,483489.0
2018-06-23,21441.0,4.92,0.0,0.0,64.0,0,1,507602.0
2018-06-24,8101.0,2.24,0.0,0.0,75.0,0,0,444894.0
2018-06-25,34147.0,4.92,0.0,0.0,74.0,0,0,385691.0
2018-06-26,39828.0,3.8,0.0,0.0,69.5,0,1,390656.0
2018-06-27,34885.0,3.58,0.01,0.0,69.5,0,1,408945.0
2018-06-28,35149.0,2.91,1.36,0.0,76.5,0,1,467667.0
2018-06-29,34532.0,2.68,0.0,0.0,79.5,0,1,472286.0
2018-06-30,20621.0,2.24,0.0,0.0,82.5,0,1,527290.0
